EmployeeNumber,Age,Gender,Attrition,BusinessTravel,Department,JobRole,EducationField,MaritalStatus,DistanceFromHome,Education,EmployeeCount,EnvironmentSatisfaction,StandardHours,DailyRate,HourlyRate,MonthlyRate,MonthlyIncome,JobInvolvement,JobLevel,JobSatisfaction,NumCompaniesWorked,Over18,OverTime,PercentSalaryHike,PerformanceRating,RelationshipSatisfaction,StockOptionLevel,TotalWorkingYears,TrainingTimesLastYear,WorkLifeBalance,YearsAtCompany,YearsInCurrentRole,YearsSinceLastPromotion,YearsWithCurrManager
433,22,Male,Yes,Travel_Rarely,Sales,Account Manager,Marketing,Divorced,22,4,1,1,80,950,55,8352,7155,3,2,1,0,Y,Yes,22,3,4,1,2,2,3,0,0,0,0
59,36,Female,No,Travel_Rarely,Engineering,Senior Software Engineer,Other,Married,20,4,1,3,80,309,64,6014,5227,1,2,4,2,Y,No,14,4,4,1,14,4,2,0,0,0,0
1019,38,Male,No,Travel_Frequently,Human Resources,Unknown,Business Administration,Divorced,13,5,1,2,80,111,46,21286,16801,4,4,4,1,Y,No,22,3,3,1,19,5,2,2,2,2,0
1431,38,Female,Yes,Travel_Frequently,Data & Analytics,Data Analyst,Computer Science,Single,3,2,1,3,80,1409,48,22099,10470,2,5,2,8,Y,Yes,13,3,4,0,18,4,3,11,10,9,5
1118,40,Male,No,Travel_Rarely,Engineering,Devops Engineer,Software Engineering,Single,2,2,1,1,80,349,53,7391,3216,2,1,2,7,Y,Yes,22,3,3,1,21,6,3,5,0,0,0
186,28,Male,No,Travel_Frequently,Sales,Sales Manager,Business Administration,Single,10,1,1,4,80,405,69,22605,8777,1,3,4,7,Y,No,24,3,3,3,10,1,2,5,1,1,0
168,37,Female,No,Travel_Rarely,Engineering,Qa Engineer,Information Technology,Married,26,3,1,2,80,1107,60,16101,10042,1,3,2,1,Y,No,15,3,1,2,14,3,3,11,11,6,10
1420,34,Female,No,Travel_Rarely,Engineering,Software Engineer,Computer Science,Married,10,3,1,2,80,135,98,13535,11812,3,3,3,3,Y,No,12,3,3,1,14,3,2,1,1,0,1
250,24,Male,No,Travel_Rarely,Product,Product Manager,Information Technology,Married,12,4,1,1,80,833,56,11251,8285,4,2,2,7,Y,No,23,3,4,0,2,4,2,0,0,0,0
1171,33,Female,No,Travel_Frequently,Engineering,Devops Engineer,Computer Science,Single,13,2,1,3,80,1159,60,12933,12127,3,3,2,7,Y,No,22,4,3,0,9,3,3,9,0,2,0
180,23,Male,No,Travel_Rarely,Sales,Account Manager,Business Administration,Married,16,3,1,3,80,854,31,9435,2595,1,1,2,4,Y,Yes,20,3,1,2,3,2,3,1,1,0,0
118,26,Male,Yes,Travel_Rarely,Data & Analytics,Data Engineer,Statistics,Married,12,1,1,4,80,914,45,9732,8304,4,4,3,2,Y,Yes,18,3,3,2,7,4,3,2,1,1,1
541,20,Male,No,Travel_Rarely,Engineering,Qa Engineer,Information Technology,Divorced,29,3,1,2,80,1405,75,9991,15582,4,4,2,3,Y,No,20,4,2,1,0,2,3,0,0,0,0
839,38,Male,Yes,Travel_Rarely,Data & Analytics,Data Analyst,Data Science,Married,4,1,1,0,80,843,60,23773,2815,1,1,1,6,Y,Yes,23,3,2,1,19,1,0,1,1,1,0
955,24,Male,No,Non-Travel,Data & Analytics,Data Engineer,Computer Science,Divorced,24,4,1,2,80,1045,86,14126,6589,2,2,2,8,Y,No,13,4,1,1,4,2,3,3,3,3,0
359,21,Male,Yes,Travel_Rarely,Sales,Sales Manager,Other,Married,12,2,1,2,80,425,51,6915,17922,3,4,4,6,Y,No,14,3,3,0,1,2,4,0,0,0,0
1159,48,Female,No,Travel_Rarely,Data & Analytics,Bi Analyst,Information Technology,Married,23,4,1,1,80,1315,62,12051,7943,3,3,1,9,Y,No,14,3,4,1,28,2,4,8,8,7,3
61,21,Male,Yes,Non-Travel,Data & Analytics,Data Analyst,Computer Science,Married,24,2,1,4,80,213,70,8129,5127,3,1,2,2,Y,No,20,4,2,0,1,3,3,1,1,0,0
1253,33,Male,Yes,Travel_Frequently,Engineering,Devops Engineer,Computer Science,Single,10,4,1,3,80,171,64,24336,7113,4,3,1,4,Y,Yes,20,3,2,2,13,4,3,4,4,3,2
755,29,Male,Yes,Travel_Frequently,Engineering,Senior Software Engineer,Electrical Engineering,Divorced,2,3,1,1,80,408,75,24171,9703,3,4,4,9,Y,No,19,3,2,2,6,3,2,0,0,0,0
996,24,Female,No,Travel_Frequently,Customer Support,Support Team Lead,Information Technology,Married,1,2,1,2,80,799,84,16024,7276,1,5,2,4,Y,No,18,3,4,1,7,2,2,7,5,1,5
173,31,Male,No,Travel_Rarely,Engineering,Devops Engineer,Information Technology,Married,27,4,1,1,80,884,47,9872,4676,1,2,1,2,Y,Yes,19,3,4,1,10,2,3,9,8,1,3
701,30,Male,Yes,Travel_Rarely,Marketing,Content Strategist,Marketing,Divorced,11,2,1,1,80,882,87,12542,4170,3,1,3,6,Y,Unknown,14,3,2,1,11,2,3,7,4,5,7
229,43,Male,No,Travel_Rarely,Sales,Sales Manager,Business Administration,Divorced,16,4,1,2,80,341,88,19335,9666,1,3,3,2,Y,Yes,13,3,1,3,22,1,1,6,2,5,5
1326,29,Female,Yes,Travel_Rarely,Sales,Account Manager,Marketing,Divorced,17,3,1,3,80,833,69,23498,11810,4,3,1,9,Y,Yes,25,3,4,0,10,0,3,9,4,5,9
639,46,Male,Yes,Travel_Frequently,Customer Support,Support Team Lead,Other,Married,18,5,1,3,80,190,99,5815,5850,1,2,2,9,Y,No,19,3,1,0,25,1,1,20,16,5,20
965,28,Male,Yes,Non-Travel,Marketing,Marketing Specialist,Marketing,Married,23,1,1,1,80,322,93,8396,2806,3,1,1,4,Y,Yes,11,3,1,0,9,3,1,7,3,4,7
64,20,Female,Yes,Travel_Frequently,Engineering,Senior Software Engineer,Software Engineering,Married,17,2,1,1,80,1406,34,3227,20877,2,5,4,2,Y,No,13,3,2,0,1,4,3,1,1,1,0
684,34,Female,Yes,Travel_Rarely,Engineering,Qa Engineer,Computer Science,Married,7,3,1,1,80,477,62,3174,16183,2,5,3,9,Y,Yes,25,3,1,1,13,1,3,7,3,2,4
548,41,Male,No,Non-Travel,Engineering,Engineering Manager,Software Engineering,Divorced,8,2,1,3,80,1159,44,4909,7720,3,2,1,2,Y,No,13,3,4,1,24,3,3,21,13,17,7
1372,41,Male,No,Travel_Rarely,Sales,Sales Manager,Marketing,Single,19,4,1,2,80,405,81,9924,8985,2,3,3,5,Y,No,21,3,1,2,21,2,3,16,2,12,4
415,33,Male,No,Travel_Rarely,Engineering,Software Engineer,Electrical Engineering,Single,15,2,1,3,80,301,67,19771,5190,2,2,2,2,Y,No,21,3,1,2,11,3,2,11,6,8,4
1375,31,Female,Yes,Travel_Rarely,Engineering,Qa Engineer,Electrical Engineering,Divorced,3,4,1,2,80,465,99,9532,6970,2,3,2,5,Y,Yes,14,3,3,0,11,3,2,1,1,1,0
1469,48,Female,No,Travel_Rarely,Engineering,Senior Software Engineer,Electrical Engineering,Married,13,3,1,1,80,188,51,14217,3347,2,1,4,1,Y,No,21,3,3,1,28,3,2,8,2,5,6
694,27,Female,No,Travel_Rarely,Sales,Sales Manager,Business Administration,Married,29,1,1,2,80,1230,76,22332,14186,1,3,2,5,Y,No,23,3,1,1,7,2,3,5,3,1,2
872,53,Female,Yes,Travel_Rarely,Product,Ux Designer,Information Technology,Single,2,2,1,4,80,1325,71,18468,3442,2,1,4,3,Y,No,25,4,4,3,33,3,2,23,21,21,6
599,40,Male,No,Travel_Rarely,Sales,Sales Manager,Marketing,Married,3,5,1,4,80,1471,41,24321,11332,4,3,1,3,Y,No,14,4,2,0,21,2,2,13,12,10,8
485,30,Female,No,Travel_Rarely,Customer Support,Technical Support Engineer,Other,Divorced,24,2,1,3,80,1411,46,5084,11134,4,3,4,9,Y,No,16,3,3,2,9,2,3,0,0,0,0
72,20,Female,No,Travel_Rarely,Sales,Sales Manager,Marketing,Single,10,2,1,1,80,431,43,20676,1448,2,1,2,3,Y,No,13,3,3,1,1,6,3,1,1,0,0
962,36,Male,No,Travel_Rarely,Sales,Account Manager,Computer Science,Married,13,4,1,4,80,258,48,14395,10281,1,3,2,0,Y,No,11,3,4,1,17,0,4,16,2,2,11
1306,36,Male,No,Travel_Frequently,Engineering,Senior Software Engineer,Other,Married,24,2,1,1,80,165,60,22929,10344,2,3,2,4,Y,No,19,3,2,2,19,4,2,12,12,3,0
452,34,Male,No,Travel_Rarely,Engineering,Devops Engineer,Electrical Engineering,Married,23,3,1,1,80,943,43,12954,5133,1,3,4,8,Y,No,15,4,2,0,18,4,2,18,12,12,4
518,48,Male,Yes,Travel_Frequently,Engineering,Qa Engineer,Information Technology,Married,13,4,1,2,80,125,74,17968,5656,1,2,1,6,Y,No,20,3,2,1,28,1,3,15,15,9,0
1304,31,Male,No,Travel_Rarely,Engineering,Software Engineer,Electrical Engineering,Divorced,25,3,1,4,80,828.5,55,18261,5587,1,2,2,3,Y,No,24,3,1,1,15,2,2,7,7,5,5
1121,21,Male,Yes,Travel_Rarely,Engineering,Senior Software Engineer,Unknown,Single,18,3,1,4,80,427,97,2521,9227,2,3,2,2,Y,Unknown,20,3,3,1,2,1,3,0,0,0,0
475,23,Female,Yes,Travel_Rarely,Customer Support,Customer Support Specialist,Information Technology,Married,16,2,1,3,80,507,54,2590,4191,4,1,3,4,Y,Yes,15,3,2,0,1,3,3,0,0,0,0
1417,23,Female,Yes,Travel_Rarely,Sales,Sales Executive,Other,Single,15,4,1,1,80,1100,76,15512,12292,1,3,4,1,Y,Yes,21,3,1,0,0,3,2,0,0,0,0
666,32,Male,Yes,Travel_Frequently,Sales,Sales Executive,Business Administration,Divorced,4,3,1,1,80,591,65,20531,1434,1,1,3,2,Y,No,18,3,2,1,9,3,3,1,1,0,1
789,38,Male,No,Travel_Rarely,Customer Support,Support Team Lead,Information Technology,Unknown,27,1,1,3,80,942,76,11961,3710,1,1,3,8,Y,No,25,4,4,3,21,4,3,16,4,7,14
96,31,Female,No,Non-Travel,Product,Ux Designer,Other,Single,2,3,1,1,80,624,65,12443,15762,3,4,3,5,Y,No,11,3,3,0,11,5,3,5,4,1,4
211,41,Male,No,Travel_Rarely,It Operations,It Manager,Information Technology,Single,4,5,1,2,80,1241,31,19113,6609,3,2,2,1,Y,No,22,4,1,1,17,4,2,5,4,4,2
699,35,Female,Yes,Travel_Rarely,Customer Support,Support Team Lead,Business Administration,Married,5,4,1,2,80,102,60,10033,3796,3,1,3,8,Y,No,22,3,3,2,14,3,3,4,4,1,1
1052,22,Female,No,Travel_Rarely,Product,Product Manager,Information Technology,Divorced,26,4,1,3,80,956,71,10132,5999,4,2,4,3,Y,No,17,4,2,0,4,3,3,4,0,1,0
1269,22,Male,Yes,Travel_Rarely,Engineering,Senior Software Engineer,Information Technology,Married,16,3,1,3,80,1180,64,11325,18605,1,4,1,1,Y,No,17,3,3,1,6,3,3,2,2,1,2
349,33,Male,No,Non-Travel,Data & Analytics,Data Engineer,Data Science,Single,9,3,1,4,80,420,33,21335,11528,1,3,3,0,Y,Yes,14,3,2,1,10,3,3,8,1,2,5
142,32,Male,Yes,Travel_Rarely,Sales,Sales Executive,Other,Single,25,3,1,3,80,147,83,8856,11484,4,3,4,3,Y,No,15,3,4,1,9,2,2,0,0,0,0
743,26,Male,No,Travel_Frequently,Sales,Sales Manager,Marketing,Single,14,4,1,2,80,1246,37,5832,8501,1,3,3,1,Y,Yes,15,3,3,1,4,4,3,4,3,1,4
1396,49,Female,Yes,Travel_Rarely,Engineering,Software Engineer,Computer Science,Married,11,3,1,2,80,161,42,7475,8997,3,2,3,8,Y,Yes,25,3,4,1,31,2,3,23,9,18,12
1140,24,Female,Yes,Travel_Rarely,Data & Analytics,Data Engineer,Unknown,Married,18,4,1,1,80,828.5,71,7654,5917,3,2,3,4,Y,No,14,4,4,0,8,4,3,5,5,5,4
453,27,Male,No,Travel_Rarely,Data & Analytics,Data Scientist,Computer Science,Divorced,13,2,1,3,80,696,38,17125,22842,1,5,1,8,Y,No,14,3,2,3,7,3,3,4,4,2,1
1172,44,Female,No,Travel_Rarely,Engineering,Senior Software Engineer,Information Technology,Divorced,23,2,1,3,80,608,98,13496,3321,1,1,4,9,Y,No,19,3,3,1,21,2,3,7,7,5,4
639,46,Male,Yes,Travel_Frequently,Customer Support,Support Team Lead,Unknown,Married,18,5,1,3,80,190,99,5815,5850,1,2,2,9,Y,No,19,3,1,0,25,1,1,20,16,5,20
952,44,Male,No,Travel_Rarely,Engineering,Devops Engineer,Electrical Engineering,Married,20,4,1,2,80,985,40,25505,7363,2,2,4,7,Y,No,22,3,2,0,24,2,3,24,23,19,1
1459,39,Male,No,Travel_Rarely,Marketing,Content Strategist,Unknown,Divorced,4,3,1,2,80,225,66,15897,5723,2,2,1,8,Y,No,14,3,4,0,18,0,3,8,1,0,0
128,53,Female,Yes,Travel_Rarely,Sales,Account Manager,Other,Married,13,5,1,2,80,698,99,25281,3701,2,1,4,3,Y,Yes,18,3,3,1,36,3,4,23,13,10,2
446,42,Male,No,Travel_Rarely,Sales,Sales Manager,Marketing,Married,20,4,1,4,80,1038,66,10038,9818,1,3,1,8,Y,Yes,14,3,2,1,25,4,3,1,1,0,0
1251,20,Male,Yes,Travel_Rarely,Sales,Sales Executive,Other,Married,9,5,1,3,80,1118,61,14751,6293,3,2,4,1,Y,Yes,21,4,3,3,1,2,2,0,0,0,0
10,39,Male,No,Non-Travel,Engineering,Engineering Manager,Other,Married,1,3,1,1,80,1256,39,19885,2339,1,1,2,8,Y,Yes,17,4,4,1,19,5,3,11,5,2,10
314,39,Male,No,Travel_Frequently,Engineering,Devops Engineer,Other,Married,7,2,1,1,80,318,72,22082,13592,4,3,2,4,Y,No,17,3,1,1,20,2,3,9,6,5,1
102,43,Male,Yes,Travel_Frequently,Engineering,Senior Software Engineer,Unknown,Divorced,23,4,1,4,80,509,71,15042,23356,4,5,1,3,Y,Unknown,20,4,2,1,22,2,2,11,10,5,1
201,23,Female,No,Travel_Rarely,Marketing,Content Strategist,Business Administration,Single,8,4,1,1,80,324,69,4468,2996,1,1,3,0,Y,Yes,20,3,3,0,0,4,3,0,0,0,0
969,30,Male,No,Travel_Rarely,Customer Support,Customer Support Specialist,Business Administration,Single,14,3,1,1,80,948,74,18574,2866,3,1,2,9,Y,No,25,3,1,0,9,2,3,3,2,3,2
1463,41,Male,No,Non-Travel,Data & Analytics,Data Scientist,Computer Science,Single,29,4,1,4,80,857,77,5568,2951,2,1,1,3,Y,No,11,3,1,0,23,2,1,8,5,7,8
431,41,Male,No,Travel_Rarely,Engineering,Qa Engineer,Electrical Engineering,Married,26,1,1,4,80,179,32,7098,6891,2,2,2,1,Y,Yes,17,3,2,0,24,5,3,1,1,0,0
1335,40,Male,Yes,Non-Travel,Human Resources,Hr Manager,Human Resources,Married,29,3,1,1,80,1114,41,22302,6181,2,2,3,9,Y,Yes,25,3,1,2,30,6,3,4,1,3,2
489,23,Male,No,Travel_Rarely,Data & Analytics,Data Analyst,Data Science,Single,20,4,1,1,80,870,52,4097,6001,4,2,2,9,Y,No,21,3,2,0,1,1,3,1,0,0,0
1400,38,Female,No,Travel_Rarely,Product,Ux Designer,Business Administration,Single,29,4,1,1,80,1268,48,8643,5161,4,2,4,9,Y,No,20,3,2,0,20,3,3,11,3,10,3
1305,25,Female,No,Travel_Rarely,Data & Analytics,Data Engineer,Information Technology,Married,22,4,1,2,80,1406,71,22954,4139,4,1,4,5,Y,Yes,21,3,3,0,5,3,2,5,5,0,0
1428,33,Female,No,Travel_Frequently,Engineering,Devops Engineer,Information Technology,Single,5,3,1,4,80,527,46,3274,3826,4,4,3,2,Y,No,23,3,4,1,16,2,2,6,0,4,0
276,31,Male,Yes,Travel_Frequently,Engineering,Qa Engineer,Unknown,Married,24,1,1,3,80,139,87,6219,3077,3,1,4,1,Y,No,17,3,1,1,10,2,1,4,4,0,0
1114,28,Female,No,Travel_Rarely,Engineering,Engineering Manager,Other,Married,20,3,1,2,80,775,39,24590,5929,2,2,2,5,Y,No,17,3,3,1,11,2,3,2,2,1,2
373,56,Male,Yes,Travel_Frequently,Engineering,Senior Software Engineer,Computer Science,Married,24,3,1,4,80,1183,78,11416,10457,1,3,2,5,Y,No,23,4,4,0,36,5,3,3,0,3,0
842,27,Female,No,Travel_Rarely,Human Resources,Talent Acquisition Specialist,Human Resources,Divorced,27,3,1,2,80,1076,94,4063,20977,1,4,3,9,Y,No,13,3,3,0,35,2,3,9,2,6,3
119,33,Male,No,Travel_Frequently,Sales,Account Manager,Marketing,Unknown,5,4,1,4,80,145,96,15577,7550,3,2,3,1,Y,No,16,4,3,2,17,3,3,4,4,2,4
1288,33,Female,No,Travel_Rarely,Customer Support,Technical Support Engineer,Other,Single,22,4,1,3,80,1413,37,12373,3358,3,1,2,6,Y,No,21,3,1,0,14,3,3,7,7,4,5
1039,30,Male,No,Travel_Rarely,It Operations,It Manager,Information Technology,Married,17,4,1,0,80,1188,56,2389,8080,3,3,4,9,Y,No,17,3,1,1,11,2,4,2,0,0,1
657,23,Female,No,Travel_Rarely,Marketing,Content Strategist,Other,Divorced,26,3,1,2,80,767,91,6252,4532,2,2,1,3,Y,No,21,3,4,1,0,3,4,0,0,0,0
618,35,Male,No,Travel_Rarely,Human Resources,Hr Manager,Other,Married,27,3,1,2,80,898,56,7145,3526,2,1,4,1,Y,No,19,3,2,1,15,3,3,1,1,0,0
1068,37,Female,No,Travel_Rarely,Engineering,Devops Engineer,Other,Single,27,3,1,3,80,318,74,20726,12588,4,4,2,5,Y,No,17,3,1,2,17,2,3,0,0,0,0
18,52,Male,No,Travel_Frequently,Engineering,Devops Engineer,Electrical Engineering,Divorced,24,2,1,3,80,741,52,26207,6527,4,3,3,7,Y,Yes,17,3,4,3,35,4,2,19,0,1,9
738,38,Female,No,Travel_Rarely,Sales,Account Manager,Marketing,Single,11,3,1,1,80,821.5,91,24979,8932,2,3,3,5,Y,Yes,18,4,3,1,14,5,4,14,12,12,0
147,33,Female,No,Travel_Rarely,Human Resources,Hr Manager,Human Resources,Divorced,8,4,1,4,80,591,53,6683,4938,2,1,4,0,Y,Yes,18,4,3,2,15,1,3,0,0,0,0
398,38,Female,No,Travel_Rarely,It Operations,It Support Engineer,Information Technology,Married,16,3,1,4,80,369,32,17913,1376,3,1,4,9,Y,No,17,4,2,0,16,3,3,13,3,11,5
886,30,Male,No,Travel_Rarely,Sales,Account Manager,Other,Married,9,3,1,0,80,295,85,10780,12198,4,3,2,2,Y,No,22,4,1,0,10,2,3,10,7,7,8
112,38,Female,No,Travel_Rarely,Customer Support,Technical Support Engineer,Other,Single,28,4,1,4,80,1194,40,6364,12085,3,4,2,0,Y,No,16,3,3,0,18,2,3,9,6,5,0
1435,23,Male,No,Travel_Rarely,Marketing,Digital Marketing Manager,Other,Married,3,4,1,2,80,1098,47,18756,9951,1,4,1,2,Y,No,15,3,3,2,1,2,4,1,1,0,1
1147,34,Male,No,Travel_Frequently,Data & Analytics,Data Engineer,Computer Science,Married,4,2,1,4,80,126,71,15125,7405,1,2,1,2,Y,Yes,17,3,3,0,18,2,4,14,2,0,0
708,34,Unknown,No,Travel_Rarely,Human Resources,Hr Executive,Other,Married,9,1,1,4,80,736,61,19899,20974,2,5,3,1,Y,Yes,11,4,1,1,17,4,3,14,11,13,13
1064,31,Female,No,Travel_Rarely,Data & Analytics,Data Engineer,Computer Science,Married,27,4,1,3,80,453,67,14573,5002,1,2,4,7,Y,No,19,3,2,1,9,4,1,2,1,1,1
1442,38,Female,No,Travel_Rarely,Engineering,Qa Engineer,Information Technology,Married,9,4,1,3,80,756,58,9964,4837,2,1,2,4,Y,No,21,3,3,3,18,1,2,14,13,13,11
1446,28,Male,No,Travel_Rarely,Engineering,Senior Software Engineer,Information Technology,Divorced,7,2,1,4,80,1223,61,14902,7262,2,3,1,0,Y,No,16,3,2,0,4,2,1,4,3,2,2
263,41,Male,No,Travel_Frequently,Engineering,Software Engineer,Electrical Engineering,Married,12,4,1,4,80,765,99,3170,3346,3,1,4,3,Y,No,13,3,2,1,21,2,2,13,8,11,4
352,41,Male,No,Travel_Rarely,Engineering,Senior Software Engineer,Computer Science,Single,9,3,1,1,80,1185,31,22030,3829,4,1,2,9,Y,No,21,3,4,3,22,3,3,22,12,0,20
1234,45,Female,No,Travel_Rarely,Engineering,Senior Software Engineer,Software Engineering,Divorced,4,4,1,4,80,200,34,12671,6430,2,1,2,9,Y,No,23,3,2,1,27,1,3,1,1,0,0
370,31,Male,Yes,Travel_Rarely,Human Resources,Talent Acquisition Specialist,Other,Divorced,9,4,1,1,80,1258,75,9331,7113,2,3,1,6,Y,No,25,4,1,2,10,3,2,1,1,0,1
347,24,Male,No,Travel_Rarely,Engineering,Senior Software Engineer,Information Technology,Divorced,20,1,1,4,80,1375,59,13466,8286,2,3,4,4,Y,No,12,3,3,0,2,5,0,1,0,0,1
1404,29,Unknown,No,Travel_Frequently,Product,Ux Designer,Computer Science,Divorced,17,2,1,2,80,374,36,21772,8504,4,3,3,7,Y,No,15,3,2,3,11,6,3,7,1,1,6
659,26,Male,Yes,Travel_Frequently,Marketing,Marketing Specialist,Other,Divorced,17,4,1,4,80,1362,51,14336,2609,2,1,2,8,Y,No,15,3,4,2,9,4,2,1,0,0,1
1218,25,Male,Yes,Travel_Rarely,Engineering,Unknown,Information Technology,Married,21,3,1,3,80,587,38,16319,10437,4,3,4,1,Y,No,25,3,1,2,6,4,3,0,0,0,0
569,32,Male,No,Travel_Rarely,Product,Product Manager,Computer Science,Divorced,17,4,1,2,80,1181,66,13879,5328,4,2,2,5,Y,No,14,3,2,1,11,5,2,7,0,6,2
1461,51,Male,No,Travel_Rarely,Marketing,Marketing Specialist,Marketing,Married,12,3,1,1,80,1257,86,25688,3080,1,2,4,9,Y,No,15,3,4,1,30,2,3,26,26,20,26
393,39,Female,No,Travel_Rarely,It Operations,It Manager,Computer Science,Married,5,2,1,4,80,469,83,4929,23545,4,5,1,1,Y,No,24,3,4,0,21,2,3,9,3,9,6
661,35,Male,No,Non-Travel,Engineering,Devops Engineer,Software Engineering,Single,13,4,1,3,80,1418,66,23206,4027,3,2,4,9,Y,Yes,18,4,1,2,18,1,3,6,1,4,6
448,30,Female,No,Travel_Frequently,Customer Support,Technical Support Engineer,Business Administration,Married,10,1,1,1,80,258,96,8077,5016,1,1,2,3,Y,No,21,3,4,0,13,3,4,1,1,1,1
669,35,Female,No,Travel_Rarely,Data And Analytics,Data Engineer,Computer Science,Divorced,22,3,1,1,80,759,65,24111,3526,3,1,3,6,Y,No,24,4,1,0,16,3,3,2,1,2,1
1021,36,Male,No,Travel_Rarely,Sales,Sales Manager,Business Administration,Married,16,2,1,4,80,1116,89,25764,5938,4,2,3,4,Y,Yes,25,3,1,1,18,4,3,9,2,5,9
1107,48,Male,Yes,Travel_Rarely,Engineering,Senior Software Engineer,Information Technology,Married,27,5,1,3,80,879,90,14505,22604,4,4,3,3,Y,No,19,3,3,1,28,5,2,19,17,13,0
505,21,Female,No,Travel_Rarely,Human Resources,Talent Acquisition Specialist,Unknown,Married,16,2,1,4,80,1318,63,26794,12407,1,3,3,7,Y,No,14,3,1,0,0,3,1,0,0,0,0
1135,36,Male,No,Travel_Rarely,Engineering,Qa Engineer,Software Engineering,Divorced,17,4,1,2,80,677,69,24438,3544,1,1,2,0,Y,No,19,4,2,1,18,2,0,8,3,4,8
1252,38,Male,No,Travel_Frequently,Sales,Sales Manager,Computer Science,Married,4,4,1,2,80,639,99,13052,2804,3,1,1,8,Y,No,20,3,1,3,20,2,4,6,3,5,3
44,20,Male,Yes,Travel_Rarely,Marketing,Content Strategist,Other,Married,10,4,1,4,80,971,33,18438,3076,1,1,1,9,Y,No,22,3,4,1,1,0,3,0,0,0,0
24,21,Female,No,Travel_Frequently,Sales,Sales Manager,Business Administration,Single,21,5,1,4,80,997,53,25141,5368,3,2,2,1,Y,No,11,3,1,2,2,6,2,1,0,1,1
466,30,Male,No,Travel_Frequently,Engineering,Engineering Manager,Unknown,Single,3,3,1,2,80,1123,59,7545,5475,4,2,4,0,Y,No,22,4,2,1,12,5,2,11,2,3,5
667,28,Male,No,Non-Travel,Engineering,Software Engineer,Computer Science,Unknown,17,3,1,1,80,1438,87,13593,3006,1,1,1,9,Y,No,21,3,2,0,7,3,3,6,6,4,2
504,30,Male,No,Travel_Rarely,Engineering,Devops Engineer,Computer Science,Divorced,26,1,1,2,80,705,83,23993,19769,4,4,2,6,Y,Yes,16,3,2,0,9,1,3,8,5,5,2
1265,51,Female,No,Travel_Rarely,Sales,Sales Executive,Marketing,Married,4,3,1,2,80,521,32,10721,22575,1,5,4,9,Y,Yes,21,3,3,1,32,1,4,8,7,0,0
864,30,Male,Yes,Travel_Rarely,Customer Support,Customer Support Specialist,Information Technology,Married,22,1,1,1,80,957,61,19278,8663,2,3,2,8,Y,No,19,3,1,1,7,2,3,3,3,3,0
190,42,Male,No,Travel_Rarely,Sales,Account Manager,Business Administration,Married,1,3,1,4,80,1408,86,13093,25000,2,5,3,2,Y,Yes,22,4,4,1,21,1,0,5,1,4,4
331,53,Female,No,Travel_Rarely,Data & Analytics,Data Scientist,Statistics,Married,5,3,1,3,80,422,70,5124,7046,2,3,4,9,Y,Yes,22,3,1,0,29,2,2,16,5,0,7
207,26,Male,Yes,Travel_Rarely,Marketing,Content Strategist,Other,Divorced,5,4,1,4,80,1344,84,13962,3241,4,1,2,4,Y,No,18,3,4,0,4,1,2,1,0,1,0
716,44,Female,No,Travel_Frequently,Marketing,Content Strategist,Other,Single,28,4,1,2,80,1164,71,11536,6997,1,2,2,2,Y,No,24,4,4,1,26,2,3,15,7,14,15
1175,39,Female,No,Travel_Rarely,Sales,Sales Manager,Other,Single,9,3,1,4,80,423,82,10843,4487,2,2,2,2,Y,No,18,3,1,1,19,2,3,18,5,15,4
805,25,Male,No,Travel_Rarely,Product,Product Manager,Other,Married,4,3,1,2,80,625,64,19348,11127,4,3,1,3,Y,No,11,3,3,0,3,3,3,1,1,0,0
902,43,Male,No,Travel_Rarely,Data & Analytics,Data Scientist,Computer Science,Married,4,1,1,3,80,946,41,12726,7934,4,2,4,5,Y,Yes,18,3,1,1,24,3,3,7,7,5,6
1123,37,Female,No,Travel_Frequently,Customer Support,Technical Support Engineer,Business Administration,Divorced,4,4,1,1,80,1332,74,15988,4035,4,1,3,8,Y,No,21,3,1,2,16,2,3,15,7,15,2
14,30,Male,No,Travel_Rarely,It Operations,It Manager,Electrical Engineering,Married,25,4,1,1,80,639,78,21603,3404,1,3,2,9,Y,No,20,3,2,0,7,2,3,6,3,2,3
325,38,Female,Yes,Non-Travel,Product,Product Manager,Business Administration,Married,23,4,1,2,80,798,45,5213,5364,1,2,1,5,Y,No,24,3,1,2,20,2,3,2,0,2,1
873,31,Female,No,Travel_Frequently,Marketing,Digital Marketing Manager,Business Administration,Married,15,2,1,4,80,236,91,15252,11750,2,3,1,2,Y,No,15,3,1,2,8,4,3,6,2,1,0
770,35,Male,Yes,Travel_Rarely,Engineering,Software Engineer,Information Technology,Single,6,4,1,3,80,587,45,17638,7689,1,3,1,0,Y,Yes,20,3,4,0,15,2,3,1,1,1,1
1072,25,Female,No,Travel_Rarely,Engineering,Devops Engineer,Information Technology,Divorced,2,4,1,2,80,788,53,17817,23322,1,5,2,7,Y,No,12,3,2,0,1,3,2,1,0,1,0
208,31,Male,No,Non-Travel,Sales,Sales Manager,Marketing,Single,13,2,1,3,80,1144,48,13169,5632,4,2,2,1,Y,No,25,3,3,1,12,2,2,7,0,4,2
35,48,Male,Yes,Travel_Rarely,Customer Support,Support Team Lead,Information Technology,Single,29,4,1,4,80,211,55,17085,5062,3,1,4,4,Y,Yes,22,3,1,1,25,2,2,6,1,6,3
703,32,Female,No,Non-Travel,Engineering,Unknown,Electrical Engineering,Divorced,13,4,1,3,80,418,33,6969,16657,1,5,4,4,Y,No,18,3,3,3,10,2,3,8,6,6,3
99,20,Male,No,Travel_Rarely,Sales,Account Manager,Marketing,Married,25,4,1,2,80,1317,67,10004,25000,2,5,2,1,Y,No,18,3,3,0,0,2,3,0,0,0,0
1087,33,Female,Yes,Travel_Rarely,Engineering,Software Engineer,Electrical Engineering,Married,2,3,1,2,80,314,55,26882,25000,3,5,1,8,Y,No,13,4,2,0,15,2,3,1,0,0,0
1142,40,Female,Yes,Travel_Rarely,Engineering,Devops Engineer,Computer Science,Single,4,1,1,4,80,134,71,11218,1200,3,1,2,6,Y,No,19,3,3,0,16,2,3,8,5,2,4
994,29,Male,No,Travel_Frequently,Product,Ux Designer,Information Technology,Divorced,5,3,1,3,80,529,48,15213,24576,4,5,4,9,Y,No,21,3,4,0,8,2,2,1,0,0,0
1330,35,Female,No,Travel_Rarely,Sales,Sales Executive,Business Administration,Married,26,2,1,3,80,206,30,12327,25000,3,5,4,6,Y,Yes,13,3,3,2,15,2,3,4,3,0,2
982,43,Female,No,Travel_Rarely,Engineering,Software Engineer,Unknown,Single,19,2,1,3,80,1282,75,3897,18187,2,4,2,9,Y,Yes,17,3,2,1,25,5,3,15,4,13,4
611,34,Female,Yes,Travel_Rarely,Engineering,Engineering Manager,Electrical Engineering,Married,17,3,1,4,80,1428,33,18193,5642,3,2,2,6,Y,No,12,3,4,1,15,0,3,8,5,3,0
260,20,Male,No,Travel_Rarely,Marketing,Marketing Specialist,Other,Divorced,24,3,1,3,80,1333,69,8695,21901,2,4,4,7,Y,Yes,20,3,1,0,3,2,4,2,0,2,0
1089,28,Male,No,Travel_Rarely,Engineering,Software Engineer,Other,Divorced,29,4,1,4,80,458,43,16336,5041,4,1,2,9,Y,No,22,3,2,0,8,1,2,4,1,1,1
397,33,Male,No,Travel_Rarely,Data & Analytics,Data Engineer,Statistics,Single,3,1,1,4,80,782,50,24187,18450,4,4,2,3,Y,No,19,3,2,0,14,2,2,5,3,5,2
800,48,Male,No,Travel_Rarely,Product,Ux Designer,Computer Science,Single,28,4,1,3,80,1449,31,3290,4466,1,3,2,7,Y,No,13,3,1,1,30,3,3,27,2,12,5
25,45,Female,No,Travel_Rarely,Product,Product Analyst,Business Administration,Single,2,3,1,3,80,508,43,6814,5781,2,3,1,9,Y,No,18,3,1,2,21,3,2,6,1,1,6
111,29,Male,Yes,Travel_Rarely,Human Resources,Talent Acquisition Specialist,Business Administration,Divorced,13,4,1,2,80,235,79,8352,1887,1,1,1,6,Y,No,14,3,1,0,11,1,3,9,6,8,4
16,46,Male,No,Travel_Rarely,Human Resources,Talent Acquisition Specialist,Other,Single,18,4,1,3,80,890,30,5233,7950,3,3,3,5,Y,No,19,3,4,1,27,3,3,20,12,1,1
1170,26,Female,No,Travel_Rarely,It Operations,It Manager,Computer Science,Married,3,3,1,3,80,1168,52,12339,14748,4,4,2,8,Y,No,19,3,2,0,2,2,3,2,2,2,1
368,32,Male,No,Travel_Rarely,Engineering,Senior Software Engineer,Electrical Engineering,Married,22,3,1,2,80,263,53,9779,11105,1,4,4,3,Y,No,17,3,2,1,13,3,3,12,12,11,1
205,25,Male,No,Travel_Rarely,Engineering,Senior Software Engineer,Information Technology,Married,16,2,1,2,80,1053,38,22066,15582,2,4,4,8,Y,No,20,4,1,0,3,3,3,0,0,0,0
148,32,Male,No,Travel_Rarely,Marketing,Marketing Specialist,Other,Married,17,2,1,1,80,1049,42,16105,5025,2,1,2,5,Y,No,21,3,3,0,13,2,3,2,1,0,1
390,39,Male,Yes,Travel_Rarely,Engineering,Devops Engineer,Computer Science,Single,9,3,1,2,80,641,31,2406,3289,1,1,3,8,Y,No,23,4,3,1,19,5,3,12,9,7,2
187,32,Male,No,Travel_Rarely,Customer Support,Support Team Lead,Unknown,Divorced,8,4,1,2,80,129,98,9785,5383,2,3,2,4,Y,Yes,13,3,1,1,14,4,2,6,3,3,5
502,26,Male,No,Travel_Frequently,Engineering,Engineering Manager,Computer Science,Unknown,24,3,1,4,80,1110,95,26687,13850,1,4,4,7,Y,Unknown,12,3,1,2,8,1,3,5,4,3,3
672,32,Male,No,Travel_Frequently,Marketing,Digital Marketing Manager,Other,Married,12,2,1,1,80,925,86,5071,18042,3,4,3,9,Y,No,21,3,3,1,16,2,3,3,2,0,0
957,20,Female,No,Travel_Frequently,Engineering,Devops Engineer,Software Engineering,Married,22,2,1,1,80,633,40,20286,9818,3,3,1,5,Y,Yes,18,3,2,0,0,4,3,0,0,0,0
706,49,Male,No,Non-Travel,Data & Analytics,Data Scientist,Data Science,Single,7,3,1,4,80,1074,32,10854,10128,3,3,2,9,Y,Yes,23,3,2,1,26,2,1,7,0,5,0
100,38,Female,No,Travel_Rarely,Product,Product Manager,Business Administration,Divorced,29,3,1,1,80,1220,62,19457,25000,1,5,1,4,Y,No,11,3,3,1,18,4,3,15,5,0,11
5,33,Male,Yes,Travel_Rarely,Data & Analytics,Data Analyst,Statistics,Married,27,4,1,2,80,472,83,13435,2707,3,1,4,3,Y,No,25,3,2,0,9,5,2,3,0,1,3
455,36,Female,Yes,Travel_Rarely,It Operations,It Manager,Other,Married,20,3,1,2,80,728,48,10984,16070,4,5,3,5,Y,No,16,3,1,1,16,3,3,0,0,0,0
47,25,Male,No,Travel_Rarely,Engineering,Software Engineer,Information Technology,Divorced,6,3,1,3,80,1081,83,15649,4039,2,1,2,7,Y,No,25,3,3,3,5,2,3,1,1,1,1
1437,31,Female,No,Non-Travel,Engineering,Software Engineer,Other,Single,15,1,1,1,80,480,58,25881,3014,3,2,2,8,Y,No,13,3,2,2,12,2,3,9,4,2,0
621,27,Female,No,Travel_Rarely,Product,Ux Designer,Computer Science,Divorced,10,4,1,3,80,426,89,23626,10809,3,3,2,2,Y,No,19,3,2,0,6,4,4,4,1,4,2
981,37,Female,No,Travel_Frequently,Human Resources,Talent Acquisition Specialist,Other,Single,10,4,1,4,80,1321,84,17115,9891,2,3,1,5,Y,Yes,15,3,3,1,19,4,3,13,2,8,7
961,35,Male,No,Travel_Rarely,Engineering,Engineering Manager,Information Technology,Single,15,3,1,1,80,396,84,3063,6814,4,3,4,4,Y,No,12,4,4,0,12,4,2,1,1,1,0
286,30,Male,No,Travel_Rarely,Engineering,Senior Software Engineer,Electrical Engineering,Married,13,2,1,1,80,623,46,6589,8588,2,4,2,6,Y,No,19,4,3,2,6,1,3,0,0,0,0
817,38,Male,No,Travel_Rarely,Engineering,Devops Engineer,Computer Science,Married,15,4,1,4,80,849,80,3181,6128,4,2,3,4,Y,No,12,4,2,2,18,3,3,3,3,2,1
1090,35,Female,No,Travel_Rarely,Engineering,Devops Engineer,Other,Divorced,16,4,1,1,80,1180,51,22200,4694,1,1,3,1,Y,Yes,17,3,4,2,13,2,2,12,6,8,3
598,29,Female,No,Travel_Rarely,Human Resources,Hr Executive,Business Administration,Single,23,3,1,2,80,1041,97,18374,9287,4,3,4,1,Y,Yes,24,3,1,1,13,4,3,5,1,1,0
784,21,Female,No,Non-Travel,Engineering,Qa Engineer,Software Engineering,Married,21,4,1,4,80,1243,42,19720,3585,4,1,4,8,Y,No,11,3,3,0,0,3,2,0,0,0,0
242,49,Female,Yes,Travel_Rarely,Product,Product Manager,Other,Married,28,4,1,3,80,132,68,7691,4156,3,1,3,9,Y,Yes,14,3,1,2,26,2,3,12,11,4,3
1075,46,Female,No,Travel_Frequently,Sales,Sales Executive,Marketing,Married,17,2,1,4,80,766,56,22674,1645,2,1,1,5,Y,No,20,3,1,1,27,3,3,6,1,4,6
644,36,Male,No,Travel_Frequently,Customer Support,Support Team Lead,Computer Science,Single,26,2,1,2,80,469,54,26837,7091,2,2,2,1,Y,Yes,23,3,3,0,18,2,3,11,10,0,0
114,45,Female,No,Travel_Frequently,Marketing,Content Strategist,Marketing,Single,1,3,1,3,80,207,80,10874,3189,2,2,4,3,Y,No,13,3,2,1,25,2,2,24,3,3,23
501,32,Male,No,Travel_Rarely,Marketing,Digital Marketing Manager,Business Administration,Married,20,3,1,4,80,1102,61,8910,4956,4,1,4,5,Y,No,13,4,3,0,12,3,2,10,4,9,9
52,32,Male,No,Travel_Rarely,Engineering,Devops Engineer,Electrical Engineering,Single,16,4,1,3,80,558,82,20444,15739,3,4,2,3,Y,Yes,14,3,2,0,12,4,0,10,0,1,4
867,32,Female,Yes,Travel_Rarely,Sales,Sales Executive,Marketing,Single,6,3,1,1,80,990,61,3550,21683,2,5,4,7,Y,No,20,3,4,1,10,2,1,9,8,6,1
1395,37,Female,Yes,Travel_Frequently,Marketing,Content Strategist,Marketing,Single,26,2,1,1,80,779,78,4819,3463,4,1,1,0,Y,No,11,4,3,0,18,3,4,5,1,4,3
1268,41,Male,Yes,Travel_Rarely,Engineering,Senior Software Engineer,Software Engineering,Single,1,3,1,3,80,880,62,16350,4910,1,2,1,8,Y,Yes,11,3,4,0,24,1,2,7,5,5,1
327,23,Female,Yes,Travel_Rarely,Engineering,Engineering Manager,Software Engineering,Married,19,3,1,1,80,696,60,5355,3589,1,1,1,7,Y,Yes,25,3,2,2,3,3,3,3,2,2,2
733,38,Male,No,Travel_Rarely,Human Resources,Talent Acquisition Specialist,Business Administration,Married,2,4,1,1,80,731,35,25392,3467,4,1,2,7,Y,No,25,3,4,1,18,3,3,3,2,0,3
1200,32,Female,Yes,Travel_Frequently,Sales,Sales Manager,Marketing,Single,24,4,1,4,80,782,70,15477,3911,3,1,2,0,Y,No,24,4,1,1,12,3,2,7,7,5,7
1138,40,Male,Yes,Travel_Rarely,Engineering,Software Engineer,Software Engineering,Single,9,2,1,1,80,1090,42,12896,9990,3,3,3,1,Y,Yes,23,3,3,0,22,3,2,11,5,10,10
573,48,Male,Yes,Travel_Rarely,Engineering,Qa Engineer,Electrical Engineering,Divorced,25,2,1,2,80,628,98,4405,1992,4,1,3,6,Y,Unknown,18,3,2,1,32,3,3,22,19,21,19
937,38,Male,Yes,Travel_Rarely,Human Resources,Talent Acquisition Specialist,Other,Single,18,2,1,3,80,685,57,13244,17084,3,4,4,9,Y,No,14,3,3,0,19,0,3,8,7,6,4
351,36,Female,No,Travel_Rarely,Engineering,Engineering Manager,Information Technology,Single,13,4,1,3,80,1354,61,5677,3207,4,1,4,3,Y,No,24,4,1,3,16,3,4,8,8,3,8
588,35,Female,No,Travel_Rarely,Sales,Sales Manager,Business Administration,Divorced,29,1,1,2,80,700,90,20566,5449,3,2,1,2,Y,No,13,3,3,1,13,2,3,13,9,12,11
364,47,Female,Yes,Travel_Rarely,Engineering,Software Engineer,Software Engineering,Married,11,3,1,3,80,1146,84,23371,6694,2,2,1,6,Y,Yes,24,3,3,1,30,1,3,22,16,20,6
165,34,Male,No,Travel_Rarely,It Operations,It Manager,Other,Single,24,4,1,2,80,256,80,14768,14049,4,3,2,8,Y,No,14,4,3,1,15,2,2,3,1,0,0
1449,25,Male,No,Travel_Rarely,Engineering,Engineering Manager,Computer Science,Married,6,4,1,3,80,1116,57,10683,9204,1,3,4,2,Y,No,19,3,3,0,6,4,3,4,4,4,0
752,39,Female,No,Travel_Rarely,Engineering,Senior Software Engineer,Unknown,Divorced,28,4,1,1,80,473,30,22973,7956,1,2,4,8,Y,No,24,3,3,2,17,1,2,3,3,0,0
1105,37,Male,Yes,Travel_Rarely,Data & Analytics,Data Analyst,Data Science,Divorced,25,3,1,1,80,353,92,7283,4401,1,2,4,8,Y,No,20,4,1,0,17,4,1,4,0,4,1
341,32,Male,Yes,Travel_Rarely,Customer Support,Technical Support Engineer,Computer Science,Married,8,3,1,3,80,1288,94,16730,5086,1,2,3,7,Y,No,17,4,1,1,13,2,3,7,6,3,6
279,27,Female,No,Travel_Rarely,Product,Ux Designer,Other,Divorced,5,3,1,2,80,828.5,99,15178,7264,2,2,2,4,Y,No,24,4,2,3,4,3,3,1,0,1,0
1204,35,Male,Yes,Travel_Frequently,Engineering,Software Engineer,Software Engineering,Single,12,4,1,2,80,127,45,11867,7547,4,3,1,8,Y,Yes,17,3,2,0,15,6,3,9,9,4,4
493,22,Male,Yes,Travel_Rarely,Engineering,Qa Engineer,Other,Single,23,3,1,2,80,211,51,11120,4527,4,1,4,8,Y,No,13,3,2,2,3,2,3,3,0,1,2
1347,30,Female,No,Travel_Rarely,Product,Product Analyst,Business Administration,Married,8,3,1,1,80,453,64,10405,18558,3,4,3,0,Y,Yes,19,3,1,2,7,2,2,7,5,2,2
21,28,Male,No,Travel_Rarely,It Operations,It Manager,Electrical Engineering,Married,13,4,1,4,80,460,75,16450,12034,2,3,3,3,Y,Yes,17,3,3,0,8,1,3,1,0,1,1
1153,40,Male,Yes,Travel_Rarely,Data & Analytics,Data Scientist,Computer Science,Single,26,4,1,4,80,782,32,4714,10506,4,4,1,7,Y,Yes,12,3,2,0,17,4,3,11,8,4,6
714,47,Male,No,Travel_Rarely,Engineering,Engineering Manager,Software Engineering,Unknown,2,4,1,4,80,491,56,26947,4394,4,1,1,1,Y,No,20,3,4,3,26,1,4,17,15,15,17
1381,20,Female,No,Travel_Rarely,Engineering,Qa Engineer,Computer Science,Married,10,4,1,1,80,1416,78,14145,4944,4,2,4,3,Y,No,21,4,2,1,1,2,3,0,0,0,0
508,44,Male,No,Travel_Rarely,Sales,Sales Executive,Marketing,Married,21,4,1,4,80,385,51,19655,3975,3,1,2,9,Y,Yes,25,3,4,1,28,2,3,12,7,11,1
264,33,Female,No,Travel_Rarely,Engineering,Qa Engineer,Software Engineering,Divorced,29,3,1,4,80,1170,70,16299,21882,2,5,4,9,Y,Yes,25,4,3,1,15,1,2,11,8,11,5
158,45,Female,No,Travel_Rarely,Product,Product Manager,Computer Science,Divorced,21,4,1,3,80,1220,99,24490,4056,4,1,2,5,Y,Yes,16,3,2,0,28,4,3,18,15,11,7
408,37,Male,Yes,Travel_Rarely,Sales,Sales Executive,Marketing,Married,14,1,1,1,80,783,43,6860,18689,3,4,4,4,Y,No,12,4,2,1,17,4,2,10,10,2,10
678,42,Female,Yes,Travel_Rarely,Sales,Sales Executive,Other,Divorced,28,2,1,3,80,1457,95,17389,11360,2,3,4,9,Y,Yes,12,3,4,1,23,5,3,8,0,4,4
27,22,Female,Yes,Travel_Rarely,Engineering,Qa Engineer,Computer Science,Divorced,14,3,1,3,80,1364,66,18272,3279,4,1,2,8,Y,No,21,4,4,1,3,2,2,2,2,2,1
1367,47,Male,No,Travel_Rarely,Engineering,Qa Engineer,Software Engineering,Married,21,5,1,1,80,316,73,6594,7498,2,2,2,2,Y,No,21,3,4,1,28,5,3,1,1,1,0
253,33,Male,Yes,Travel_Rarely,Customer Support,Support Team Lead,Computer Science,Single,6,4,1,4,80,1456,33,12252,7877,2,3,2,0,Y,Yes,25,3,4,0,16,3,3,6,4,3,0
295,44,Female,No,Travel_Rarely,Engineering,Devops Engineer,Electrical Engineering,Married,4,4,1,3,80,791,60,24261,2474,3,1,2,0,Y,No,13,3,1,2,21,2,2,6,4,3,6
884,27,Female,Yes,Travel_Frequently,Engineering,Senior Software Engineer,Electrical Engineering,Married,22,2,1,4,80,108,76,7677,5807,2,1,4,7,Y,Yes,11,3,2,1,6,4,1,4,4,0,1
507,32,Female,No,Travel_Rarely,Engineering,Qa Engineer,Software Engineering,Married,2,1,1,3,80,1118,33,21907,11465,2,3,2,7,Y,Yes,12,3,1,2,11,4,3,6,4,3,4
519,34,Male,No,Travel_Rarely,Engineering,Unknown,Information Technology,Divorced,3,4,1,4,80,1202,88,14960,4213,4,2,4,6,Y,Yes,19,3,1,1,13,3,3,9,3,6,7
1317,35,Male,No,Travel_Rarely,Engineering,Qa Engineer,Information Technology,Married,6,3,1,4,80,1265,53,4842,5935,2,2,3,9,Y,Yes,14,4,2,0,15,6,3,3,2,0,0
1009,28,Female,No,Non-Travel,Customer Support,Technical Support Engineer,Information Technology,Married,1,3,1,1,80,107,79,18124,3437,3,1,4,6,Y,Yes,23,3,4,0,6,1,1,5,1,3,4
913,27,Female,Yes,Travel_Rarely,Product,Ux Designer,Information Technology,Single,11,4,1,1,80,325,52,11930,3938,1,2,3,4,Y,No,18,3,4,1,4,2,4,0,0,0,0
1167,32,Male,No,Travel_Frequently,Sales,Account Manager,Computer Science,Married,14,4,1,2,80,1041,53,4485,4254,4,1,3,5,Y,Yes,16,4,3,3,12,0,3,8,8,8,6
557,28,Male,Yes,Travel_Rarely,Sales,Sales Executive,Business Administration,Single,8,3,1,1,80,297,50,10643,2932,1,1,2,7,Y,No,20,3,1,0,9,3,3,2,1,1,2
129,44,Female,No,Travel_Frequently,Engineering,Qa Engineer,Computer Science,Married,5,4,1,2,80,183,41,17095,3202,3,1,2,8,Y,No,19,3,2,1,22,2,3,0,0,0,0
829,37,Female,No,Travel_Rarely,Engineering,Devops Engineer,Information Technology,Single,3,4,1,1,80,799,36,20627,2968,2,1,4,2,Y,Yes,16,3,3,1,16,3,3,5,3,0,0
1203,20,Female,No,Travel_Rarely,Sales,Sales Executive,Computer Science,Single,26,3,1,4,80,242,56,7576,4278,4,1,2,3,Y,No,23,4,2,0,0,2,2,0,0,0,0
1173,36,Female,No,Travel_Rarely,Engineering,Qa Engineer,Electrical Engineering,Single,16,3,1,2,80,329,79,8944,4216,4,1,3,9,Y,Yes,12,3,1,2,16,6,3,10,6,4,1
432,30,Male,Yes,Non-Travel,Human Resources,Hr Manager,Human Resources,Single,14,3,1,4,80,1211,43,8778,5956,3,2,1,8,Y,No,14,3,4,0,8,2,1,7,7,3,3
587,20,Male,No,Travel_Rarely,Sales,Sales Manager,Business Administration,Single,4,4,1,1,80,575,44,22102,7613,2,3,1,7,Y,No,15,3,3,0,0,5,1,0,0,0,0
838,33,Male,No,Travel_Frequently,Engineering,Software Engineer,Other,Married,22,4,1,2,80,1276,57,2144,7804,3,2,2,1,Y,Yes,16,3,2,2,10,3,3,8,5,3,1
919,26,Male,No,Travel_Frequently,Customer Support,Customer Support Specialist,Other,Married,28,3,1,4,80,1013,98,10839,4734,3,2,4,6,Y,No,13,4,2,1,7,5,3,3,3,1,3
1383,28,Female,No,Travel_Rarely,Data & Analytics,Data Engineer,Computer Science,Single,4,3,1,2,80,1097,40,17028,5086,4,2,3,7,Y,No,12,3,2,0,4,3,2,2,2,0,1
285,50,Female,No,Travel_Rarely,Marketing,Marketing Specialist,Business Administration,Single,1,3,1,1,80,464,59,3135,16648,3,4,4,1,Y,No,18,3,1,1,30,6,3,30,21,17,17
1217,23,Male,Yes,Travel_Frequently,Data & Analytics,Data Scientist,Information Technology,Single,23,4,1,3,80,1445,84,9736,4972,4,2,4,3,Y,No,22,3,1,1,7,1,3,6,5,6,0
379,20,Male,Yes,Travel_Rarely,Sales,Account Manager,Computer Science,Married,28,4,1,4,80,374,75,5239,3234,1,1,4,0,Y,No,21,3,2,1,2,4,4,2,0,2,2
329,48,Female,Yes,Non-Travel,Human Resources,Hr Manager,Human Resources,Married,11,3,1,3,80,468,94,24708,5870,2,2,2,4,Y,Yes,11,3,1,0,26,1,2,12,5,3,4
582,43,Male,No,Travel_Rarely,Engineering,Senior Software Engineer,Information Technology,Married,3,2,1,4,80,1001,94,5931,10859,3,3,4,9,Y,Yes,13,3,3,0,26,2,3,3,1,1,3
651,33,Female,No,Travel_Rarely,Customer Support,Technical Support Engineer,Information Technology,Single,25,3,1,4,80,897,56,3113,2572,2,1,4,3,Y,No,16,3,4,1,10,4,2,10,2,5,2
152,26,Female,No,Travel_Rarely,Engineering,Engineering Manager,Computer Science,Married,21,3,1,3,80,1413,87,20913,3276,3,1,1,6,Y,No,11,3,1,2,7,5,4,0,0,0,0
28,20,Male,No,Travel_Rarely,Marketing,Digital Marketing Manager,Other,Married,14,4,1,1,80,676,35,8047,1946,3,1,3,8,Y,No,22,3,4,2,0,1,4,0,0,0,0
1337,25,Female,No,Travel_Frequently,Marketing,Content Strategist,Marketing,Married,28,1,1,2,80,990,76,8640,5543,4,2,2,2,Y,No,20,3,4,1,8,2,3,0,0,0,0
717,25,Male,Yes,Travel_Rarely,Engineering,Software Engineer,Software Engineering,Married,24,4,1,3,80,1165,84,17175,5172,4,2,1,2,Y,No,24,3,2,0,5,3,3,0,0,0,0
747,41,Male,No,Travel_Frequently,Engineering,Software Engineer,Electrical Engineering,Married,11,4,1,3,80,149,58,20488,4932,1,3,3,5,Y,No,11,3,1,0,21,3,4,20,10,19,13
713,40,Male,Yes,Travel_Rarely,Engineering,Engineering Manager,Software Engineering,Single,16,2,1,4,80,1316,38,15991,22537,2,5,2,0,Y,Yes,11,3,3,1,20,4,2,2,0,2,2
852,26,Male,No,Travel_Rarely,Product,Ux Designer,Computer Science,Married,23,2,1,4,80,863,47,6053,6397,1,2,1,2,Y,No,23,3,3,2,7,1,3,5,3,0,5
1271,20,Male,No,Travel_Frequently,Sales,Account Manager,Business Administration,Married,13,4,1,1,80,696,75,24245,7730,1,3,3,6,Y,No,11,3,1,0,0,2,1,0,0,0,0
949,27,Female,Yes,Travel_Rarely,Data & Analytics,Data Scientist,Statistics,Married,23,3,1,3,80,227,91,2825,5431,2,2,3,2,Y,Yes,25,4,2,1,8,1,3,1,1,1,0
894,45,Male,No,Travel_Rarely,Product,Product Manager,Other,Married,1,2,1,3,80,1368,93,15943,4668,4,1,2,9,Y,No,13,3,1,3,27,2,1,3,1,2,3
109,36,Male,No,Travel_Rarely,Engineering,Qa Engineer,Electrical Engineering,Married,22,4,1,3,80,930,97,11499,7409,2,2,4,0,Y,Yes,19,3,4,1,15,2,3,6,4,1,1
771,36,Female,No,Travel_Rarely,Customer Support,Customer Support Specialist,Other,Single,18,4,1,4,80,449,34,21507,5390,3,1,4,0,Y,No,18,3,2,1,17,4,2,1,1,1,1
532,33,Male,No,Travel_Rarely,Product,Product Analyst,Information Technology,Married,12,4,1,3,80,1476,75,17015,4675,2,1,2,4,Y,Yes,12,3,1,1,13,3,3,2,2,1,2
1421,32,Female,No,Travel_Rarely,Engineering,Qa Engineer,Software Engineering,Divorced,6,3,1,2,80,224,76,26018,3987,2,1,4,2,Y,No,12,3,3,1,11,5,3,11,2,4,11
387,27,Male,No,Non-Travel,Sales,Sales Executive,Other,Divorced,29,2,1,1,80,382,68,7312,6016,2,2,4,1,Y,No,22,3,4,3,5,3,3,1,1,0,1
735,23,Male,No,Travel_Rarely,It Operations,Unknown,Other,Married,27,4,1,3,80,427,96,16564,10118,3,4,1,0,Y,No,21,3,3,1,1,3,3,1,1,1,1
1287,27,Male,No,Travel_Rarely,Product,Product Analyst,Unknown,Single,1,4,1,3,80,564,87,10146,9319,2,2,2,0,Y,No,24,3,3,1,7,2,3,6,0,0,3
1418,48,Female,No,Travel_Rarely,Sales,Sales Executive,Marketing,Married,2,3,1,1,80,974,87,17577,4059,1,1,1,8,Y,Yes,19,3,1,0,27,2,4,12,9,10,6
1398,45,Male,No,Travel_Rarely,Product,Ux Designer,Computer Science,Divorced,10,3,1,3,80,115,44,22758,4285,4,1,2,7,Y,No,13,3,4,1,25,3,3,17,11,9,9
926,32,Male,Yes,Travel_Rarely,It Operations,System Administrator,Information Technology,Single,28,5,1,4,80,1351,92,8409,10927,2,4,2,1,Y,No,20,3,1,1,12,1,2,1,1,0,0
355,33,Male,Yes,Travel_Rarely,Sales,Sales Executive,Other,Married,1,2,1,2,80,1463,45,12607,24851,1,5,2,9,Y,Yes,16,4,4,3,15,6,2,6,5,0,1
810,27,Male,No,Travel_Frequently,Engineering,Qa Engineer,Information Technology,Single,28,2,1,1,80,375,54,3712,4069,2,1,3,4,Y,No,14,4,3,3,7,3,4,6,0,0,1
769,27,Female,No,Travel_Rarely,Human Resources,Unknown,Human Resources,Married,11,3,1,3,80,748,52,23843,6385,2,2,3,3,Y,No,18,3,4,3,5,4,0,3,2,2,0
514,27,Male,No,Travel_Rarely,Human Resources,Hr Manager,Business Administration,Married,6,3,1,4,80,365,51,6999,3732,4,1,3,7,Y,Yes,18,3,2,1,5,4,3,0,0,0,0
984,24,Male,Yes,Travel_Rarely,Marketing,Marketing Specialist,Marketing,Single,4,1,1,4,80,213,84,6876,3235,4,1,4,4,Y,No,24,3,1,1,4,4,3,0,0,0,0
1329,33,Male,No,Travel_Rarely,Engineering,Engineering Manager,Information Technology,Married,24,3,1,3,80,1446,85,20070,7317,3,3,4,5,Y,Yes,21,3,2,2,11,4,1,10,5,0,2
362,41,Female,No,Travel_Rarely,Marketing,Marketing Specialist,Business Administration,Divorced,20,3,1,4,80,392,72,15537,25000,4,5,1,4,Y,No,24,3,1,1,20,3,4,3,0,0,3
620,45,Male,No,Travel_Rarely,Data & Analytics,Data Engineer,Computer Science,Married,15,4,1,4,80,314,78,7555,3652,3,1,2,7,Y,Yes,23,3,2,0,23,4,3,20,3,6,5
682,33,Male,No,Travel_Rarely,Engineering,Software Engineer,Computer Science,Divorced,4,3,1,4,80,1364,96,25601,7508,3,3,3,9,Y,No,24,3,3,3,11,2,3,6,3,2,1
384,33,Female,No,Travel_Rarely,Product,Product Analyst,Computer Science,Married,8,2,1,2,80,569,32,20830,6737,1,2,3,0,Y,No,22,3,3,1,12,3,2,9,4,9,7
1333,37,Male,No,Travel_Frequently,Customer Support,Support Team Lead,Information Technology,Married,7,5,1,1,80,278,80,18945,20937,1,5,3,6,Y,Yes,25,3,1,0,17,3,1,12,6,12,1
171,24,Female,No,Travel_Rarely,Engineering,Software Engineer,Other,Married,24,1,1,3,80,832,94,12464,8045,2,2,4,0,Y,Yes,18,3,1,2,0,5,4,0,0,0,0
1152,34,Female,No,Travel_Rarely,Engineering,Senior Software Engineer,Electrical Engineering,Single,15,2,1,3,80,1357,99,21791,5474,3,2,3,2,Y,No,15,3,2,1,17,6,3,9,1,7,2
1132,39,Male,Yes,Travel_Rarely,Sales,Sales Executive,Business Administration,Single,29,3,1,1,80,618,93,23179,7581,4,3,1,4,Y,No,25,3,4,0,22,4,3,13,10,7,4
413,33,Female,No,Travel_Rarely,Engineering,Senior Software Engineer,Computer Science,Married,26,3,1,2,80,1035,43,25891,12503,3,4,3,8,Y,Yes,20,3,2,1,16,2,3,3,2,1,2
265,35,Male,No,Non-Travel,Customer Support,Customer Support Specialist,Business Administration,Married,13,1,1,4,80,1085,96,22582,12542,3,3,1,1,Y,Yes,17,4,3,2,14,1,3,1,1,0,1
688,28,Female,No,Travel_Frequently,Marketing,Digital Marketing Manager,Marketing,Married,29,4,1,4,80,566,45,24565,3263,3,2,2,5,Y,Yes,23,3,3,0,8,4,2,3,3,1,2
465,42,Female,No,Travel_Rarely,Human Resources,Hr Manager,Business Administration,Single,20,3,1,1,80,689,33,11844,20595,4,5,4,5,Y,No,14,3,2,1,21,2,3,8,3,5,7
416,33,Female,No,Travel_Rarely,It Operations,It Support Engineer,Other,Divorced,25,3,1,3,80,930,45,17521,4051,1,1,1,2,Y,No,19,3,4,3,14,3,3,14,3,3,14
1207,44,Male,No,Travel_Rarely,Product,Ux Designer,Information Technology,Married,2,4,1,3,80,1290,94,22009,13228,4,3,2,4,Y,No,20,3,2,1,24,5,4,12,8,0,8
964,26,Male,No,Travel_Rarely,Customer Support,Technical Support Engineer,Information Technology,Single,8,3,1,1,80,419,70,17029,4456,1,1,4,9,Y,No,11,3,3,1,6,1,2,4,0,1,3
427,38,Male,No,Travel_Rarely,Customer Support,Technical Support Engineer,Information Technology,Married,19,4,1,4,80,993,36,14194,5958,1,2,3,4,Y,No,20,3,4,1,16,3,3,14,6,11,10
326,32,Unknown,No,Travel_Rarely,Product,Product Manager,Information Technology,Married,24,1,1,3,80,1117,36,21124,7340,2,2,4,2,Y,Yes,13,3,2,1,11,1,3,6,6,4,3
903,22,Male,No,Travel_Rarely,Product,Ux Designer,Computer Science,Single,17,3,1,2,80,1417,46,10037,16248,2,4,4,1,Y,No,18,3,4,0,4,2,3,3,0,3,2
371,28,Male,No,Travel_Rarely,It Operations,It Manager,Computer Science,Divorced,13,1,1,3,80,1412,43,12219,3127,2,1,1,2,Y,No,13,3,2,2,9,0,3,8,6,5,7
55,26,Male,Yes,Travel_Rarely,Engineering,Devops Engineer,Information Technology,Married,19,2,1,1,80,581,55,23507,2910,2,1,2,1,Y,Yes,14,3,4,2,5,5,2,2,1,0,0
468,41,Male,No,Travel_Rarely,Engineering,Engineering Manager,Software Engineering,Married,18,3,1,2,80,364,52,26426,15582,2,4,2,7,Y,Yes,24,3,1,1,23,4,3,16,9,14,14
214,20,Male,Yes,Travel_Rarely,Engineering,Engineering Manager,Electrical Engineering,Married,16,2,1,2,80,958,31,13576,9386,1,3,4,9,Y,Yes,19,3,2,1,0,1,3,0,0,0,0
490,29,Male,No,Travel_Frequently,Marketing,Digital Marketing Manager,Business Administration,Single,21,4,1,3,80,298,59,20102,14465,1,4,1,3,Y,Yes,21,3,1,0,9,1,3,7,2,0,2
309,39,Male,Yes,Travel_Rarely,Engineering,Software Engineer,Electrical Engineering,Married,10,1,1,1,80,240,44,16873,7583,2,2,3,8,Y,Yes,18,3,3,0,21,2,4,11,11,6,11
739,34,Male,No,Travel_Rarely,Sales,Account Manager,Marketing,Married,4,2,1,2,80,674,91,12051,7712,4,3,2,5,Y,Yes,17,3,2,0,12,2,3,11,6,5,11
1112,31,Male,Yes,Travel_Rarely,Customer Support,Customer Support Specialist,Other,Married,2,4,1,3,80,1430,92,13244,5131,1,2,4,2,Y,No,18,3,1,0,7,2,3,6,1,5,3
200,33,Female,No,Travel_Rarely,Data & Analytics,Bi Analyst,Computer Science,Single,1,4,1,3,80,790,40,19092,4215,4,1,1,1,Y,No,16,3,2,0,10,1,3,1,0,1,0
1242,23,Male,No,Travel_Rarely,Customer Support,Technical Support Engineer,Computer Science,Married,28,1,1,1,80,104,52,24338,6040,3,2,4,4,Y,No,23,3,2,3,3,1,3,3,2,2,2
1322,38,Male,No,Travel_Rarely,Engineering,Senior Software Engineer,Other,Single,20,3,1,3,80,1429,53,11155,9818,4,3,1,9,Y,No,18,4,4,1,19,3,3,3,1,3,1
923,41,Male,No,Travel_Rarely,Customer Support,Support Team Lead,Information Technology,Married,12,4,1,2,80,1141,76,19447,3765,1,1,1,0,Y,No,25,3,4,0,18,3,3,5,4,3,3
1430,31,Male,Yes,Travel_Frequently,It Operations,System Administrator,Computer Science,Married,19,4,1,3,80,976,51,25546,2678,1,1,1,3,Y,No,14,3,1,0,11,2,2,11,11,0,9
217,30,Female,Yes,Travel_Rarely,Sales,Account Manager,Other,Married,6,3,1,3,80,1018,63,10533,3873,3,2,4,4,Y,Yes,15,3,4,0,13,3,3,3,2,3,2
858,32,Male,No,Travel_Rarely,Sales,Account Manager,Business Administration,Single,23,4,1,2,80,175,55,5312,3855,3,1,1,3,Y,No,19,3,3,0,15,4,3,2,2,2,2
254,20,Female,No,Non-Travel,Customer Support,Technical Support Engineer,Computer Science,Married,22,3,1,2,80,1326,88,5940,7160,1,2,2,8,Y,Yes,14,3,1,1,0,3,3,0,0,0,0
153,37,Female,No,Travel_Rarely,Engineering,Software Engineer,Computer Science,Married,24,4,1,2,80,1210,68,12980,7013,3,3,2,9,Y,No,18,3,4,3,15,3,4,4,2,1,3
195,26,Male,No,Travel_Rarely,Engineering,Senior Software Engineer,Software Engineering,Divorced,1,3,1,3,80,1362,86,22115,4414,3,1,1,2,Y,No,23,3,3,0,4,2,3,2,0,0,0
1380,31,Female,No,Travel_Frequently,Engineering,Senior Software Engineer,Information Technology,Married,1,2,1,4,80,232,83,11845,4353,1,2,4,8,Y,No,14,3,4,0,9,1,3,2,1,1,2
846,42,Male,No,Travel_Rarely,Customer Support,Support Team Lead,Information Technology,Married,1,3,1,1,80,539,70,25818,6896,3,2,1,9,Y,Yes,23,3,2,0,21,0,2,7,2,0,4
69,35,Male,No,Travel_Rarely,Engineering,Qa Engineer,Electrical Engineering,Married,2,3,1,4,80,979,75,25250,4648,2,1,3,7,Y,Yes,11,4,2,2,18,2,4,7,7,1,4
131,28,Male,Yes,Travel_Frequently,Human Resources,Hr Executive,Human Resources,Single,17,3,1,2,80,756,43,8382,4393,4,1,4,1,Y,No,20,3,3,1,6,3,3,2,0,2,0
1451,50,Male,No,Travel_Frequently,It Operations,System Administrator,Electrical Engineering,Single,25,4,1,1,80,473,55,25979,15113,4,4,4,4,Y,No,23,3,4,1,29,1,3,15,10,2,2
1194,34,Male,No,Travel_Frequently,Engineering,Senior Software Engineer,Computer Science,Single,12,3,1,4,80,736,34,10989,11987,2,3,4,1,Y,No,15,3,3,0,14,3,3,7,0,7,1
301,28,Female,Yes,Travel_Rarely,Engineering,Senior Software Engineer,Computer Science,Married,22,2,1,2,80,828.5,80,19552,4083,4,2,1,8,Y,No,13,3,3,0,9,5,3,6,2,6,6
1080,34,Male,No,Travel_Rarely,Marketing,Content Strategist,Other,Married,29,2,1,3,80,722,72,26521,8238,3,2,2,2,Y,Yes,24,3,2,0,14,3,2,11,4,0,8
1264,32,Female,No,Travel_Rarely,Engineering,Software Engineer,Information Technology,Divorced,6,4,1,3,80,192,65,25491,3544,3,1,2,8,Y,No,13,3,2,2,14,6,3,14,4,4,3
705,41,Male,No,Travel_Rarely,Marketing,Content Strategist,Business Administration,Single,22,5,1,3,80,693,79,23789,6338,3,2,2,4,Y,No,18,3,2,3,21,1,3,20,20,6,18
511,38,Male,No,Travel_Rarely,Engineering,Senior Software Engineer,Electrical Engineering,Married,20,3,1,1,80,521,60,6821,4119,2,1,2,9,Y,Yes,14,4,3,1,17,2,3,9,3,6,4
241,35,Female,Yes,Travel_Frequently,Human Resources,Hr Executive,Other,Divorced,7,3,1,3,80,279,94,3423,3941,3,1,3,7,Y,No,14,3,4,0,17,2,1,11,0,7,11
548,41,Male,No,Non-Travel,Engineering,Engineering Manager,Software Engineering,Divorced,8,2,1,3,80,1159,44,4909,7720,3,2,1,2,Y,No,13,3,4,1,24,3,3,21,13,17,7
188,32,Male,No,Travel_Rarely,It Operations,It Manager,Other,Married,23,4,1,3,80,1497,63,14676,3564,4,1,1,5,Y,Yes,18,3,1,1,11,4,1,3,1,1,3
1453,33,Male,No,Travel_Rarely,Product,Product Analyst,Computer Science,Married,3,3,1,3,80,550,78,19411,3679,4,1,3,5,Y,No,24,3,3,1,13,2,2,6,6,1,2
1188,33,Male,No,Travel_Rarely,Customer Support,Support Team Lead,Business Administration,Single,15,4,1,4,80,1447,84,26720,7917,2,2,4,3,Y,No,18,3,1,0,10,2,3,5,2,0,0
1034,25,Male,No,Travel_Rarely,Engineering,Senior Software Engineer,Information Technology,Single,12,3,1,1,80,692,63,2451,3481,2,1,4,8,Y,No,21,3,3,1,5,1,0,2,0,0,1
869,41,Male,No,Travel_Rarely,Marketing,Digital Marketing Manager,Business Administration,Married,14,2,1,1,80,1018,30,11505,3675,4,1,1,5,Y,Yes,25,3,1,0,18,3,3,15,14,13,11
948,28,Male,Yes,Travel_Rarely,Data & Analytics,Data Engineer,Statistics,Single,12,1,1,1,80,1339,92,3179,6831,4,2,2,5,Y,No,16,3,2,2,8,3,3,1,0,0,1
985,25,Male,No,Travel_Rarely,Engineering,Engineering Manager,Information Technology,Single,27,1,1,1,80,1344,89,7598,5004,4,2,1,4,Y,No,19,3,1,1,2,1,1,1,0,1,1
284,23,Male,Yes,Travel_Rarely,Engineering,Qa Engineer,Software Engineering,Divorced,27,4,1,3,80,470,76,14270,5950,1,2,3,2,Y,No,25,3,4,0,4,3,3,0,0,0,0
526,27,Male,No,Travel_Rarely,Marketing,Content Strategist,Marketing,Divorced,21,2,1,3,80,825,43,23822,4983,1,2,3,9,Y,Yes,15,3,4,0,5,2,3,2,0,1,0
596,40,Male,No,Travel_Rarely,Marketing,Content Strategist,Marketing,Divorced,8,4,1,4,80,996,34,19878,20094,2,5,3,8,Y,No,15,3,4,0,22,2,3,12,2,12,7
1229,42,Female,No,Travel_Rarely,Engineering,Senior Software Engineer,Software Engineering,Divorced,12,4,1,2,80,671,85,14156,18387,3,4,4,2,Y,Yes,13,3,2,2,24,3,4,11,10,3,8
612,27,Male,No,Travel_Frequently,Sales,Account Manager,Marketing,Married,1,4,1,3,80,869,52,14848,19790,3,5,4,6,Y,No,13,3,4,1,7,4,3,3,2,3,3
610,36,Female,No,Non-Travel,Data & Analytics,Data Scientist,Computer Science,Divorced,3,3,1,2,80,1280,43,10114,19033,3,4,3,7,Y,Yes,17,3,1,2,17,3,4,3,3,1,0
110,48,Male,No,Travel_Rarely,Data & Analytics,Bi Analyst,Data Science,Married,4,3,1,4,80,1442,43,24531,2033,4,1,4,5,Y,No,17,3,4,1,25,2,3,21,16,17,17
1300,34,Male,No,Travel_Frequently,Engineering,Devops Engineer,Computer Science,Divorced,17,4,1,2,80,598,52,10666,9647,2,3,3,4,Y,Yes,17,3,2,1,15,3,4,6,4,2,4
123,35,Female,No,Travel_Rarely,Engineering,Software Engineer,Other,Married,7,2,1,2,80,909,95,19171,3175,3,1,1,6,Y,No,17,3,2,2,13,3,0,4,1,1,3
410,35,Male,No,Travel_Rarely,Marketing,Digital Marketing Manager,Other,Single,2,4,1,1,80,973,60,3181,2344,3,1,2,5,Y,No,11,3,3,1,14,3,3,6,3,6,0
281,33,Female,No,Travel_Frequently,Engineering,Qa Engineer,Electrical Engineering,Single,6,3,1,2,80,486,40,14990,3520,1,1,2,6,Y,No,12,4,1,0,17,1,0,6,4,3,5
607,27,Male,Yes,Non-Travel,Engineering,Senior Software Engineer,Information Technology,Divorced,13,1,1,3,80,1400,78,4269,4493,4,2,4,9,Y,No,16,3,4,0,9,4,3,3,0,2,1
1365,37,Female,Yes,Travel_Rarely,Sales,Sales Manager,Computer Science,Unknown,17,3,1,3,80,1346,48,26530,5828,3,2,1,1,Y,Yes,20,3,1,1,20,1,2,9,9,5,4
472,33,Male,Yes,Travel_Rarely,Customer Support,Support Team Lead,Information Technology,Single,26,4,1,4,80,1031,56,11761,3870,3,1,1,3,Y,No,20,3,3,1,11,2,3,3,1,1,1
464,44,Male,No,Travel_Rarely,Engineering,Devops Engineer,Computer Science,Married,27,3,1,3,80,1176,70,6011,6500,1,2,4,2,Y,No,24,3,4,0,24,2,3,16,15,3,3
345,32,Female,Yes,Travel_Rarely,Product,Product Manager,Business Administration,Single,18,4,1,2,80,487,38,2074,6868,1,3,1,4,Y,No,18,3,3,2,12,3,3,5,1,4,0
1411,33,Male,No,Travel_Rarely,Sales,Sales Executive,Computer Science,Single,29,3,1,4,80,374,99,16215,5067,2,2,3,4,Y,No,25,3,3,1,12,5,3,12,2,10,9
1302,36,Male,No,Travel_Rarely,Data & Analytics,Data Analyst,Statistics,Divorced,11,3,1,4,80,1385,40,12587,9979,2,3,4,2,Y,Yes,19,3,4,0,19,0,2,4,0,2,3
1070,38,Female,Yes,Travel_Frequently,Data & Analytics,Data Engineer,Data Science,Single,2,3,1,4,80,496,75,7479,7080,4,2,2,3,Y,No,12,3,2,0,18,0,3,10,3,9,7
547,35,Male,No,Travel_Frequently,Engineering,Qa Engineer,Other,Married,4,3,1,3,80,576,76,14010,5445,4,2,2,2,Y,No,18,3,2,1,12,3,3,8,4,3,7
929,40,Male,Yes,Non-Travel,Engineering,Software Engineer,Software Engineering,Divorced,28,2,1,4,80,1011,46,5692,25000,1,5,3,0,Y,Yes,13,3,3,0,20,4,3,8,6,4,6
1116,30,Male,Yes,Travel_Rarely,Product,Ux Designer,Business Administration,Single,10,3,1,2,80,958,84,17564,4295,3,1,1,1,Y,No,11,3,2,1,11,4,3,1,1,0,0
68,41,Male,No,Travel_Rarely,Engineering,Senior Software Engineer,Computer Science,Single,25,2,1,4,80,691,63,19625,5287,1,2,4,5,Y,Yes,14,3,1,0,21,2,3,6,2,0,4
1055,42,Male,No,Non-Travel,Product,Ux Designer,Business Administration,Married,10,2,1,3,80,463,57,10299,9515,1,3,1,2,Y,No,25,3,4,0,18,0,2,10,10,2,0
542,43,Female,No,Travel_Rarely,Product,Ux Designer,Computer Science,Single,22,3,1,3,80,504,74,16027,5717,1,2,1,2,Y,No,16,3,2,1,23,3,2,14,12,2,7
451,35,Female,Yes,Travel_Rarely,It Operations,It Support Engineer,Information Technology,Married,23,4,1,1,80,255,97,24851,4592,4,1,2,3,Y,Yes,12,3,4,0,14,4,3,13,3,5,6
931,37,Male,No,Travel_Rarely,Marketing,Marketing Specialist,Business Administration,Divorced,25,3,1,1,80,1441,47,19341,21683,2,5,3,0,Y,Yes,11,3,1,2,19,2,3,13,6,9,9
790,34,Male,No,Travel_Rarely,Customer Support,Customer Support Specialist,Information Technology,Married,18,4,1,3,80,540,65,11183,2194,4,1,4,8,Y,No,13,3,2,2,10,5,3,2,0,0,1
572,33,Male,Yes,Travel_Rarely,Sales,Sales Manager,Marketing,Single,22,3,1,2,80,828.5,61,6422,3985,1,2,4,2,Y,Yes,20,3,3,0,14,1,3,14,4,3,12
1402,42,Female,No,Travel_Frequently,Engineering,Devops Engineer,Electrical Engineering,Divorced,20,3,1,3,80,1103,81,13289,6420,1,2,3,0,Y,Yes,20,3,3,1,24,2,3,12,9,7,5
1361,30,Male,No,Travel_Frequently,Marketing,Content Strategist,Business Administration,Divorced,26,5,1,4,80,1356,30,17894,3975,1,1,1,3,Y,No,25,3,1,0,11,1,2,3,0,2,2
1181,43,Female,No,Travel_Rarely,Engineering,Software Engineer,Computer Science,Single,29,4,1,1,80,411,74,7178,9166,1,3,1,4,Y,No,25,3,1,3,23,2,3,16,14,13,9
319,20,Male,No,Travel_Frequently,Data & Analytics,Bi Analyst,Information Technology,Single,16,2,1,3,80,1294,54,9312,15689,1,4,2,6,Y,No,20,3,2,1,0,1,4,0,0,0,0
908,35,Female,No,Travel_Frequently,Sales,Sales Executive,Computer Science,Married,6,3,1,2,80,1079,34,14889,8533,1,3,2,7,Y,Yes,23,4,1,3,13,1,3,0,0,0,0
954,38,Male,No,Non-Travel,Human Resources,Talent Acquisition Specialist,Business Administration,Divorced,17,3,1,1,80,1200,32,23699,11876,3,3,4,1,Y,No,20,3,1,0,16,4,3,14,14,13,6
673,35,Male,No,Travel_Rarely,Sales,Sales Manager,Marketing,Single,29,2,1,1,80,1495,49,25145,4365,4,2,2,0,Y,Yes,23,3,2,0,13,3,3,8,4,2,2
685,53,Male,No,Travel_Rarely,Sales,Sales Manager,Business Administration,Single,11,1,1,1,80,1236,77,8956,6119,4,3,2,6,Y,Yes,25,3,4,0,36,3,3,12,0,8,7
133,47,Male,No,Travel_Rarely,Sales,Sales Executive,Marketing,Divorced,9,4,1,2,80,1427,47,21233,4135,1,1,2,5,Y,No,12,3,2,1,30,3,3,15,12,7,11
1098,24,Female,Yes,Travel_Rarely,Engineering,Unknown,Information Technology,Single,26,4,1,2,80,956,84,15930,16425,3,3,4,7,Y,No,24,3,4,1,5,1,3,4,3,1,4
859,28,Female,No,Non-Travel,Engineering,Senior Software Engineer,Electrical Engineering,Divorced,1,2,1,1,80,1196,73,19699,2887,1,1,2,5,Y,No,11,3,3,0,6,5,4,6,6,2,5
417,33,Female,No,Travel_Rarely,It Operations,Unknown,Information Technology,Single,18,3,1,3,80,312,91,11916,12121,1,3,1,9,Y,No,17,3,4,3,10,2,2,5,0,5,4
1318,49,Female,No,Travel_Rarely,Sales,Sales Executive,Other,Divorced,19,2,1,3,80,1421,88,23555,3544,3,1,3,1,Y,No,13,3,3,1,27,2,4,3,3,3,2
1270,37,Male,No,Travel_Rarely,Sales,Account Manager,Business Administration,Single,18,1,1,3,80,355,84,11405,4452,3,1,2,1,Y,No,16,3,3,0,17,4,2,10,7,1,6
1277,44,Female,No,Non-Travel,Sales,Sales Manager,Business Administration,Single,17,4,1,1,80,101,90,26283,19816,4,4,4,2,Y,Yes,19,4,4,2,27,4,2,11,9,0,2
126,34,Male,Yes,Travel_Rarely,Engineering,Senior Software Engineer,Software Engineering,Divorced,8,3,1,3,80,1440,60,25488,5051,4,2,2,7,Y,Yes,13,3,3,0,13,2,2,11,4,3,6
1297,44,Male,No,Travel_Rarely,Sales,Sales Executive,Business Administration,Divorced,23,2,1,1,80,859,63,16865,4340,1,1,4,8,Y,No,23,3,4,3,24,0,4,13,4,13,13
1082,27,Female,Yes,Travel_Frequently,Engineering,Software Engineer,Information Technology,Divorced,17,4,1,0,80,1194,63,10064,13072,3,4,1,1,Y,No,20,3,4,1,5,1,3,4,1,1,4
709,22,Male,Yes,Travel_Rarely,Engineering,Software Engineer,Other,Single,7,2,1,1,80,628,72,26256,12460,4,3,3,6,Y,Yes,18,3,2,2,2,5,3,1,0,1,0
772,43,Male,No,Travel_Rarely,Product,Product Analyst,Computer Science,Married,3,3,1,1,80,306,69,4523,25000,1,5,3,8,Y,No,21,3,3,0,21,1,4,14,14,12,12
469,43,Male,No,Travel_Frequently,Data And Analytics,Data Engineer,Data Science,Married,16,4,1,1,80,261,42,9373,2943,3,1,4,6,Y,No,20,3,4,3,20,3,3,16,7,3,16
290,25,Male,Yes,Travel_Rarely,Human Resources,Hr Manager,Business Administration,Single,26,2,1,2,80,455,82,18867,9986,4,3,4,8,Y,Yes,21,3,4,0,3,2,3,2,0,0,2
861,44,Male,No,Travel_Rarely,Customer Support,Technical Support Engineer,Information Technology,Divorced,17,3,1,3,80,893,75,19536,3839,1,1,3,4,Y,No,25,4,1,2,22,2,2,16,16,5,16
831,21,Female,No,Travel_Frequently,Engineering,Devops Engineer,Other,Single,6,1,1,1,80,373,78,10795,12208,4,3,1,6,Y,Unknown,24,3,2,1,5,3,3,4,0,2,4
1197,41,Female,No,Travel_Rarely,Customer Support,Technical Support Engineer,Computer Science,Single,6,2,1,4,80,516,63,26491,6720,3,2,1,4,Y,No,20,3,2,0,19,2,2,6,5,4,1
54,33,Male,No,Non-Travel,Product,Product Manager,Information Technology,Single,14,3,1,1,80,1282,34,16102,12399,3,4,4,3,Y,No,16,3,4,2,15,2,2,4,0,2,0
1345,45,Female,No,Travel_Frequently,Engineering,Software Engineer,Information Technology,Married,5,4,1,1,80,1467,36,20286,4358,1,1,4,4,Y,No,25,3,4,0,24,2,3,23,15,14,12
586,30,Female,No,Travel_Rarely,Sales,Sales Manager,Marketing,Divorced,9,1,1,1,80,764,56,9970,5501,1,1,3,4,Y,Yes,25,4,1,0,11,1,2,3,3,1,1
1084,56,Male,No,Travel_Rarely,Engineering,Engineering Manager,Information Technology,Single,23,3,1,1,80,1479,66,8750,4993,3,1,4,0,Y,No,14,3,1,1,35,3,3,29,25,26,29
916,25,Female,No,Travel_Rarely,Engineering,Senior Software Engineer,Other,Divorced,4,1,1,4,80,383,76,25307,3268,4,1,3,4,Y,No,11,3,2,1,6,2,2,2,0,2,0
41,25,Female,Yes,Travel_Rarely,It Operations,System Administrator,Other,Married,24,1,1,1,80,663,67,23144,17418,2,5,1,0,Y,No,18,3,1,1,9,2,3,3,0,2,1
340,46,Male,No,Travel_Rarely,Engineering,Engineering Manager,Information Technology,Married,18,3,1,3,80,1016,89,21574,3153,1,1,1,9,Y,Yes,17,3,4,1,23,2,3,21,2,8,5
692,32,Female,Yes,Travel_Rarely,Data & Analytics,Data Engineer,Data Science,Divorced,2,3,1,3,80,480,48,21450,10899,2,3,2,5,Y,No,15,4,3,0,11,0,3,9,2,5,2
857,27,Female,No,Travel_Frequently,Data & Analytics,Data Engineer,Information Technology,Single,25,2,1,3,80,451,92,21524,3869,4,2,3,3,Y,No,11,3,2,3,8,0,2,7,2,7,3
1110,37,Female,Yes,Non-Travel,It Operations,System Administrator,Other,Single,15,4,1,1,80,898,30,10989,5703,1,2,3,8,Y,No,21,3,4,1,13,3,3,2,0,0,0
922,36,Female,No,Travel_Rarely,Product,Ux Designer,Other,Single,23,4,1,4,80,1136,51,17999,13106,4,4,1,8,Y,No,14,3,3,1,15,5,3,5,2,5,4
84,20,Male,No,Travel_Rarely,Data & Analytics,Data Scientist,Data Science,Divorced,6,3,1,4,80,485,78,24294,10049,3,3,4,1,Y,No,11,3,1,0,0,3,3,0,0,0,0
116,36,Female,No,Travel_Rarely,Human Resources,Hr Executive,Business Administration,Single,17,5,1,3,80,503,76,3493,8487,2,4,4,7,Y,No,14,3,4,1,18,2,3,17,10,2,7
1146,39,Female,No,Travel_Rarely,Sales,Sales Executive,Computer Science,Divorced,14,2,1,4,80,602,43,22651,9862,3,3,2,1,Y,No,25,3,1,0,20,0,3,11,3,3,8
971,29,Male,Yes,Travel_Rarely,Engineering,Engineering Manager,Information Technology,Single,26,3,1,1,80,223,99,14961,5232,1,1,2,6,Y,No,17,3,2,2,9,5,3,4,2,0,2
411,34,Male,No,Travel_Rarely,Engineering,Engineering Manager,Software Engineering,Married,15,3,1,4,80,1117,46,19046,4336,4,2,1,4,Y,No,21,3,3,0,13,2,3,10,0,0,8
756,44,Male,No,Travel_Rarely,Data & Analytics,Data Analyst,Information Technology,Married,13,2,1,2,80,1202,50,8563,6381,2,4,4,2,Y,No,17,3,2,2,25,4,2,20,7,6,8
1440,20,Male,No,Travel_Rarely,Engineering,Devops Engineer,Electrical Engineering,Single,11,3,1,0,80,1017,62,25315,23487,4,5,3,4,Y,No,23,3,2,1,0,1,3,0,0,0,0
271,22,Male,No,Travel_Rarely,Sales,Sales Executive,Other,Divorced,21,4,1,3,80,496,89,25363,6123,2,3,3,2,Y,No,17,3,1,3,3,3,1,3,2,3,3
907,33,Female,No,Travel_Rarely,Customer Support,Support Team Lead,Computer Science,Single,10,3,1,4,80,736,98,2430,3937,4,2,4,8,Y,No,14,4,4,0,13,2,4,12,1,12,8
1239,30,Male,No,Non-Travel,Engineering,Engineering Manager,Computer Science,Single,29,3,1,4,80,948,67,8655,25000,2,5,1,7,Y,Yes,13,3,3,1,10,4,3,2,0,1,2
565,28,Male,Yes,Travel_Frequently,Data And Analytics,Data Engineer,Statistics,Unknown,28,3,1,1,80,153,46,8086,3591,3,1,1,9,Y,No,12,3,3,0,12,1,3,12,1,2,3
807,27,Female,No,Travel_Rarely,Sales,Account Manager,Computer Science,Married,3,4,1,3,80,951,58,3728,6507,4,2,2,1,Y,Yes,20,3,2,2,6,1,3,0,0,0,0
378,36,Male,No,Travel_Rarely,Sales,Account Manager,Marketing,Single,19,4,1,1,80,674,90,3530,2485,2,1,2,8,Y,No,19,3,4,1,15,2,3,5,4,5,3
1169,23,Male,Yes,Travel_Rarely,Engineering,Senior Software Engineer,Information Technology,Married,17,5,1,3,80,161,60,26256,17007,1,4,1,8,Y,No,18,3,4,1,3,1,3,0,0,0,0
97,36,Male,Yes,Travel_Rarely,Engineering,Software Engineer,Electrical Engineering,Married,8,3,1,1,80,352,87,3471,4433,2,2,2,7,Y,Yes,11,3,1,3,16,4,2,1,0,1,0
896,36,Male,No,Non-Travel,Engineering,Software Engineer,Electrical Engineering,Divorced,17,3,1,1,80,1046,50,25656,4755,1,1,3,6,Y,No,16,3,2,0,17,3,4,10,3,0,10
792,38,Male,No,Travel_Rarely,Engineering,Devops Engineer,Information Technology,Single,8,4,1,1,80,269,63,13555,9045,3,3,3,3,Y,Yes,12,3,3,0,14,6,4,10,10,7,6
1353,31,Female,No,Travel_Rarely,It Operations,It Support Engineer,Information Technology,Single,6,4,1,1,80,1011,69,5401,3468,4,1,4,4,Y,No,21,3,2,2,14,2,2,4,0,4,0
1211,39,Male,Yes,Travel_Rarely,Data & Analytics,Data Engineer,Statistics,Single,8,4,1,2,80,1422,92,8638,3980,3,1,1,9,Y,Yes,15,4,2,0,19,3,3,4,0,4,1
49,45,Female,Yes,Non-Travel,Product,Product Manager,Information Technology,Single,14,4,1,4,80,428,39,21937,21099,1,4,2,3,Y,No,21,3,2,0,24,2,2,0,0,0,0
761,34,Male,No,Travel_Rarely,Engineering,Senior Software Engineer,Electrical Engineering,Single,27,3,1,2,80,975,85,13875,5769,2,2,4,1,Y,No,13,3,1,0,17,2,3,10,0,3,9
1106,38,Male,No,Travel_Rarely,Engineering,Qa Engineer,Electrical Engineering,Married,24,4,1,2,80,818,32,12421,17409,2,4,4,5,Y,No,12,4,2,0,21,3,2,14,2,9,5
1073,38,Male,Yes,Non-Travel,It Operations,It Support Engineer,Electrical Engineering,Married,4,3,1,3,80,940,88,22578,16328,1,4,1,8,Y,Yes,23,3,1,0,17,3,1,0,0,0,0
154,31,Male,No,Travel_Frequently,Marketing,Digital Marketing Manager,Other,Married,16,2,1,3,80,900,87,17250,9807,2,3,2,8,Y,No,14,3,2,1,10,0,3,6,6,0,6
238,42,Male,No,Travel_Rarely,Engineering,Qa Engineer,Electrical Engineering,Divorced,17,1,1,3,80,596,41,14653,14191,4,3,4,1,Y,No,13,3,2,0,22,2,3,14,5,11,2
55,26,Male,Yes,Travel_Rarely,Engineering,Devops Engineer,Information Technology,Married,19,2,1,1,80,581,55,23507,2910,2,1,2,1,Y,Yes,14,3,4,2,5,5,2,2,1,0,0
395,30,Female,Yes,Non-Travel,Sales,Sales Manager,Computer Science,Divorced,27,4,1,4,80,261,57,26419,6235,4,2,1,2,Y,No,13,3,4,3,8,4,3,5,5,4,3
124,27,Female,No,Travel_Rarely,Data & Analytics,Data Analyst,Statistics,Single,27,2,1,3,80,381,91,6143,5558,2,2,1,1,Y,No,14,3,2,1,9,2,2,3,2,2,3
702,33,Male,No,Travel_Frequently,It Operations,It Support Engineer,Computer Science,Married,17,4,1,2,80,744,96,22496,4230,1,1,2,2,Y,No,14,4,3,1,11,5,3,10,1,9,7
135,36,Female,No,Non-Travel,Sales,Account Manager,Marketing,Married,18,3,1,1,80,442,41,5468,6729,2,2,4,2,Y,Yes,24,3,2,1,16,2,2,14,3,7,4
269,26,Male,Yes,Travel_Frequently,Engineering,Engineering Manager,Software Engineering,Single,4,4,1,2,80,940,73,25424,5169,2,1,1,0,Y,Yes,12,3,4,2,5,2,3,5,5,1,5
386,26,Male,No,Travel_Frequently,Marketing,Content Strategist,Marketing,Married,9,3,1,2,80,899,97,16899,3866,1,1,1,2,Y,No,13,3,1,0,9,4,3,0,0,0,0
98,26,Male,No,Travel_Rarely,Engineering,Senior Software Engineer,Information Technology,Married,27,3,1,2,80,1016,96,4850,12599,3,5,2,0,Y,No,16,3,3,2,3,2,2,1,1,1,1
221,46,Male,Yes,Travel_Rarely,Sales,Account Manager,Other,Married,9,2,1,3,80,781,64,21615,5669,4,2,2,0,Y,No,20,3,4,1,27,3,3,27,20,21,5
42,50,Female,No,Travel_Frequently,Customer Support,Technical Support Engineer,Computer Science,Married,2,2,1,4,80,1330,79,13246,13089,3,4,2,4,Y,No,13,4,3,0,29,1,2,25,16,4,16
1354,20,Male,Yes,Travel_Rarely,Data & Analytics,Data Analyst,Computer Science,Divorced,7,2,1,3,80,564,65,4644,4306,2,1,4,6,Y,No,17,3,3,2,0,2,3,0,0,0,0
512,26,Male,No,Travel_Rarely,Customer Support,Technical Support Engineer,Information Technology,Divorced,17,1,1,3,80,574,58,10505,13057,3,3,4,3,Y,No,23,3,3,0,9,3,3,1,1,0,0
1357,54,Male,No,Non-Travel,Marketing,Digital Marketing Manager,Business Administration,Unknown,9,4,1,3,80,267,79,26733,6129,2,2,3,3,Y,Yes,19,3,1,0,35,3,3,29,16,5,9
1074,45,Male,No,Travel_Rarely,Human Resources,Hr Executive,Business Administration,Married,16,4,1,2,80,1330,54,9654,4943,1,2,2,8,Y,Yes,18,3,1,1,26,5,3,15,15,11,11
814,36,Male,No,Travel_Frequently,Sales,Sales Executive,Marketing,Married,5,4,1,1,80,1093,76,9652,24578,1,5,3,0,Y,Yes,11,3,3,2,18,3,3,16,1,5,12
531,31,Male,No,Travel_Rarely,Product,Product Analyst,Other,Married,15,5,1,3,80,396,52,24549,5771,1,2,4,3,Y,No,11,4,1,0,10,3,2,10,2,1,5
1168,22,Male,No,Travel_Rarely,Engineering,Software Engineer,Electrical Engineering,Single,4,2,1,3,80,1488,85,22051,9834,2,3,4,8,Y,Yes,22,3,4,2,0,2,3,0,0,0,0
13,36,Male,No,Non-Travel,Product,Ux Designer,Unknown,Divorced,6,4,1,2,80,449,74,7701,9880,1,2,1,4,Y,Yes,19,3,2,0,14,4,3,0,0,0,0
1183,26,Male,No,Travel_Rarely,Data & Analytics,Data Scientist,Computer Science,Married,23,4,1,4,80,752,90,21400,4942,3,1,2,6,Y,No,13,3,1,1,4,2,3,0,0,0,0
622,40,Male,No,Travel_Rarely,Human Resources,Hr Executive,Business Administration,Married,27,4,1,3,80,1219,84,3272,16680,2,4,3,9,Y,No,19,4,4,1,18,4,3,5,2,2,1
594,34,Male,Yes,Travel_Rarely,Sales,Sales Executive,Marketing,Married,10,3,1,2,80,279,89,14756,7854,1,3,2,7,Y,Yes,15,3,4,2,12,3,3,4,3,1,1
721,22,Female,No,Travel_Rarely,Sales,Sales Manager,Marketing,Married,20,3,1,2,80,832,38,14035,12043,1,3,1,6,Y,No,23,3,1,0,4,4,3,4,3,3,4
1332,38,Female,No,Travel_Rarely,Human Resources,Talent Acquisition Specialist,Other,Single,22,3,1,1,80,995,85,24351,3587,2,1,3,2,Y,No,21,3,4,0,19,3,2,4,2,1,2
1026,32,Male,No,Travel_Rarely,Data & Analytics,Data Analyst,Computer Science,Married,9,3,1,3,80,1421,83,14257,15823,2,4,3,5,Y,No,11,3,2,1,11,1,3,5,3,0,4
1043,31,Female,No,Travel_Rarely,Human Resources,Hr Manager,Business Administration,Married,26,3,1,1,80,876,30,3510,4431,3,1,1,3,Y,No,13,3,2,0,11,2,3,2,0,0,2
900,43,Male,No,Travel_Rarely,Engineering,Senior Software Engineer,Other,Single,7,4,1,1,80,1459,35,20846,5614,4,2,3,7,Y,No,12,3,4,0,27,2,3,23,21,13,17
1415,34,Female,No,Travel_Frequently,Customer Support,Support Team Lead,Information Technology,Married,27,4,1,4,80,217,33,3648,10536,1,3,4,5,Y,No,20,3,3,1,11,2,3,2,0,0,0
643,35,Female,No,Travel_Rarely,Engineering,Qa Engineer,Software Engineering,Single,20,4,1,3,80,862,75,22370,5052,1,2,2,8,Y,No,25,3,2,1,16,3,3,3,3,0,3
928,31,Male,Yes,Travel_Frequently,Marketing,Marketing Specialist,Business Administration,Married,25,4,1,4,80,1102,58,25665,3105,4,1,1,4,Y,No,22,3,4,0,13,2,3,0,0,0,0
603,41,Male,No,Non-Travel,Engineering,Software Engineer,Software Engineering,Married,7,3,1,1,80,992,66,17332,9719,3,5,3,2,Y,Yes,11,3,1,1,19,3,4,3,0,2,3
1315,21,Female,No,Travel_Rarely,Human Resources,Hr Manager,Other,Married,1,2,1,2,80,585,51,6857,5306,3,1,4,9,Y,No,13,3,1,1,0,6,2,0,0,0,0
821,34,Male,No,Travel_Rarely,Marketing,Digital Marketing Manager,Other,Divorced,18,3,1,2,80,445,77,22165,3631,2,1,3,5,Y,No,20,3,1,0,14,1,0,10,8,5,5
766,26,Male,No,Non-Travel,Marketing,Marketing Specialist,Business Administration,Married,1,3,1,4,80,184,69,19063,4981,3,2,3,1,Y,Yes,15,4,3,0,7,4,3,2,1,2,0
474,34,Male,Yes,Travel_Rarely,Product,Product Manager,Computer Science,Single,29,4,1,3,80,815,90,8245,7470,1,2,1,2,Y,No,21,3,4,2,16,2,4,7,6,4,4
499,39,Male,Yes,Travel_Frequently,Engineering,Devops Engineer,Other,Divorced,29,4,1,1,80,685,86,16687,3099,2,1,3,3,Y,Yes,11,3,1,3,22,2,3,3,0,2,1
337,37,Male,No,Non-Travel,Engineering,Qa Engineer,Software Engineering,Divorced,16,2,1,2,80,1488,93,6176,2948,1,1,3,4,Y,No,20,4,2,1,19,3,3,19,15,3,2
233,22,Male,Yes,Travel_Rarely,Product,Product Analyst,Information Technology,Married,18,4,1,4,80,727,67,17840,2537,4,1,4,5,Y,Yes,23,3,3,0,0,2,4,0,0,0,0
1050,35,Male,No,Travel_Rarely,Sales,Account Manager,Marketing,Single,20,4,1,4,80,780,42,2783,17201,3,4,3,9,Y,Yes,21,3,2,2,18,0,3,1,1,0,1
1040,26,Male,Yes,Travel_Rarely,Sales,Sales Manager,Marketing,Divorced,4,3,1,1,80,1097,44,5010,9818,4,3,3,2,Y,Yes,23,3,2,1,8,5,3,2,0,1,2
675,33,Female,Yes,Travel_Rarely,Sales,Sales Manager,Other,Unknown,4,4,1,2,80,1255,95,23883,6609,2,3,2,2,Y,Yes,20,3,4,1,12,4,1,7,6,2,4
1327,33,Male,No,Travel_Rarely,Data & Analytics,Bi Analyst,Statistics,Divorced,1,3,1,2,80,1415,96,22550,5018,4,2,4,7,Y,No,12,3,2,3,11,2,3,2,0,1,1
298,32,Male,No,Travel_Rarely,Engineering,Engineering Manager,Electrical Engineering,Married,3,3,1,3,80,1376,98,16574,18289,4,4,2,3,Y,No,11,3,1,1,12,2,3,0,0,0,0
881,52,Female,Yes,Travel_Rarely,Sales,Sales Manager,Other,Single,14,1,1,4,80,1047,79,14584,18027,1,4,2,6,Y,No,17,3,4,0,36,1,3,0,0,0,0
1059,28,Female,No,Travel_Rarely,Customer Support,Customer Support Specialist,Information Technology,Divorced,22,3,1,2,80,1264,58,19217,22235,3,4,3,9,Y,No,14,3,2,0,10,3,3,9,2,9,8
674,22,Male,No,Travel_Rarely,Sales,Sales Manager,Computer Science,Divorced,3,3,1,1,80,1082,49,12633,14529,4,5,4,4,Y,No,11,3,1,1,6,0,2,3,2,3,0
206,23,Male,No,Travel_Rarely,Human Resources,Talent Acquisition Specialist,Human Resources,Married,2,3,1,1,80,153,37,18502,15957,4,4,4,2,Y,No,17,3,3,2,5,3,1,1,1,0,1
4,40,Male,No,Travel_Rarely,Data & Analytics,Data Scientist,Data Science,Single,20,4,1,2,80,1197,99,14625,5180,4,2,2,4,Y,No,20,3,1,0,16,3,1,14,4,13,4
1343,40,Female,No,Travel_Frequently,Marketing,Digital Marketing Manager,Other,Married,22,3,1,2,80,1217,45,6593,6080,3,2,4,9,Y,No,21,3,4,1,22,2,2,21,1,5,6
748,33,Male,No,Travel_Rarely,Product,Product Manager,Information Technology,Unknown,5,2,1,0,80,1077,58,8295,19283,4,5,1,6,Y,No,25,3,2,1,13,2,1,6,3,6,5
1174,26,Female,Yes,Non-Travel,Sales,Sales Executive,Other,Married,24,4,1,4,80,926,51,19143,6798,4,2,1,5,Y,No,17,3,1,2,6,1,4,0,0,0,0
718,30,Male,No,Travel_Rarely,Data & Analytics,Data Scientist,Information Technology,Married,20,3,1,2,80,691,83,19787,24069,4,5,4,8,Y,No,14,3,3,2,14,2,2,7,5,2,0
882,34,Male,Yes,Travel_Rarely,Marketing,Content Strategist,Marketing,Divorced,12,2,1,1,80,821.5,64,7781,12531,1,3,1,3,Y,Yes,22,3,1,2,15,2,1,12,12,12,2
1245,28,Male,Yes,Travel_Rarely,Customer Support,Support Team Lead,Other,Married,10,4,1,4,80,446,58,13906,3046,3,1,1,3,Y,No,15,3,4,1,9,2,3,1,1,1,0
736,33,Male,Yes,Travel_Rarely,Customer Support,Support Team Lead,Other,Divorced,28,1,1,4,80,1068,99,12628,3802,3,1,1,6,Y,No,19,4,2,1,9,2,4,9,0,1,7
979,30,Female,No,Travel_Frequently,Customer Support,Customer Support Specialist,Computer Science,Single,10,4,1,1,80,1455,95,4788,7036,3,2,2,9,Y,Yes,25,3,4,2,8,2,3,2,1,1,2
978,31,Male,No,Travel_Rarely,Engineering,Software Engineer,Computer Science,Married,16,4,1,3,80,605,95,21665,5969,1,2,1,5,Y,Yes,17,3,1,0,14,3,3,1,1,1,1
875,45,Female,No,Non-Travel,Customer Support,Technical Support Engineer,Information Technology,Single,29,1,1,2,80,828,35,8225,2338,3,2,4,9,Y,No,12,3,4,0,26,2,3,11,6,11,7
700,28,Male,No,Travel_Rarely,It Operations,System Administrator,Information Technology,Married,19,4,1,3,80,1082,81,20611,3508,1,1,4,9,Y,Yes,14,3,2,2,7,3,2,2,0,2,1
710,20,Male,Yes,Travel_Rarely,Engineering,Engineering Manager,Other,Single,3,3,1,1,80,195,44,8474,10726,3,3,1,7,Y,No,24,3,3,3,0,5,2,0,0,0,0
947,32,Male,No,Travel_Rarely,Sales,Account Manager,Computer Science,Single,23,4,1,1,80,772,48,6367,10351,1,3,4,8,Y,Yes,22,3,2,3,14,2,3,1,1,1,0
559,33,Male,No,Travel_Rarely,Product,Product Analyst,Other,Married,16,2,1,1,80,657,71,9711,6983,1,3,3,0,Y,No,14,3,1,0,13,1,4,9,1,8,2
1216,35,Male,No,Travel_Rarely,Sales,Sales Executive,Computer Science,Single,20,3,1,4,80,747,89,26444,7134,2,2,3,8,Y,No,11,3,2,0,15,3,3,8,5,2,1
670,30,Male,Yes,Travel_Rarely,Human Resources,Hr Executive,Business Administration,Single,20,2,1,1,80,790,79,6010,7029,4,2,1,2,Y,Yes,13,3,2,1,11,2,4,1,1,1,1
1179,27,Male,Yes,Travel_Frequently,Engineering,Engineering Manager,Other,Married,20,4,1,2,80,939,67,15773,11574,1,3,4,2,Y,No,17,3,3,1,9,2,3,8,5,1,4
652,43,Male,Yes,Travel_Frequently,Product,Product Manager,Other,Married,9,3,1,1,80,217,41,17394,6591,4,2,1,3,Y,Yes,22,3,2,1,24,3,3,1,0,0,1
158,45,Female,No,Travel_Rarely,Product,Product Manager,Computer Science,Divorced,21,4,1,3,80,1220,99,24490,4056,4,1,2,5,Y,Yes,16,3,2,0,28,4,3,18,15,11,7
1054,34,Female,Yes,Travel_Rarely,Engineering,Senior Software Engineer,Information Technology,Divorced,12,4,1,1,80,939,74,13524,4198,3,1,2,8,Y,Yes,17,3,2,1,13,2,3,7,2,1,2
1279,34,Female,No,Travel_Frequently,Product,Unknown,Business Administration,Divorced,12,4,1,4,80,1355,93,2128,24382,3,5,4,4,Y,Yes,24,3,2,0,16,1,3,5,4,3,0
463,20,Male,No,Non-Travel,Customer Support,Technical Support Engineer,Business Administration,Single,15,4,1,0,80,191,87,25557,7661,1,2,4,6,Y,No,16,3,2,2,1,2,3,1,1,0,0
141,32,Male,No,Travel_Rarely,Engineering,Qa Engineer,Software Engineering,Married,5,4,1,3,80,1166,51,15426,6607,3,2,3,5,Y,Yes,24,4,4,0,10,1,3,2,1,1,0
161,34,Male,No,Travel_Rarely,Engineering,Senior Software Engineer,Software Engineering,Married,9,3,1,4,80,544,91,21050,7033,2,2,3,9,Y,No,12,3,4,0,16,5,1,12,3,12,2
306,27,Male,Yes,Travel_Rarely,Marketing,Content Strategist,Marketing,Married,19,3,1,1,80,768,48,2816,11027,2,4,1,8,Y,No,15,3,4,0,4,3,3,0,0,0,0
1095,26,Female,No,Non-Travel,Customer Support,Technical Support Engineer,Business Administration,Single,8,4,1,1,80,1390,73,6028,3848,3,1,2,6,Y,Yes,23,3,4,1,7,3,3,6,0,3,4
879,33,Female,No,Travel_Rarely,Data & Analytics,Data Analyst,Computer Science,Single,28,3,1,1,80,432,46,24007,5185,4,1,2,6,Y,Yes,16,4,2,1,15,2,2,0,0,0,0
1450,47,Male,No,Travel_Rarely,Engineering,Devops Engineer,Computer Science,Married,28,4,1,4,80,1267,67,2743,3408,4,1,3,9,Y,Unknown,15,3,1,0,25,3,3,0,0,0,0
396,36,Female,No,Non-Travel,Data & Analytics,Bi Analyst,Computer Science,Married,21,4,1,2,80,204,92,13218,4214,1,1,4,0,Y,No,11,4,1,1,20,4,3,11,10,8,7
566,36,Male,No,Travel_Frequently,Engineering,Qa Engineer,Other,Married,6,1,1,2,80,538,63,20179,3327,2,1,2,2,Y,Yes,12,3,4,2,15,2,4,6,2,5,5
400,37,Male,Yes,Travel_Rarely,Engineering,Software Engineer,Computer Science,Divorced,5,3,1,3,80,903,81,14009,4005,3,2,2,5,Y,No,25,3,2,3,16,2,3,16,6,5,16
987,41,Male,No,Travel_Frequently,Sales,Account Manager,Marketing,Married,21,3,1,4,80,183,99,21346,2130,4,1,3,0,Y,Yes,25,3,4,1,19,2,3,15,0,11,12
1433,41,Female,Yes,Travel_Frequently,Engineering,Software Engineer,Electrical Engineering,Married,14,3,1,1,80,1369,37,14547,10625,4,3,4,3,Y,Yes,20,3,2,0,25,3,3,13,9,2,11
1119,39,Female,Yes,Travel_Frequently,Sales,Account Manager,Marketing,Single,24,4,1,4,80,216,94,4849,23369,4,5,4,4,Y,No,16,3,3,0,20,2,3,0,0,0,0
1014,33,Female,Yes,Travel_Rarely,Engineering,Senior Software Engineer,Electrical Engineering,Married,24,4,1,2,80,954,53,4026,11514,4,3,2,0,Y,No,12,3,2,2,15,1,4,8,5,0,3
1012,28,Male,No,Travel_Rarely,Sales,Sales Manager,Other,Divorced,13,2,1,3,80,394,43,23426,5468,1,2,2,5,Y,No,18,3,2,2,8,5,3,0,0,0,0
225,28,Male,No,Travel_Rarely,Customer Support,Technical Support Engineer,Computer Science,Married,9,1,1,0,80,1271,54,19162,3741,4,1,2,8,Y,No,13,3,4,3,9,3,2,2,1,2,0
288,38,Male,No,Travel_Rarely,Data & Analytics,Data Engineer,Data Science,Married,27,3,1,1,80,462,34,18697,3783,3,1,1,1,Y,No,23,3,3,2,17,2,2,4,4,0,1
1390,20,Male,Yes,Travel_Rarely,Engineering,Engineering Manager,Software Engineering,Single,1,5,1,3,80,749,94,20013,6508,3,2,4,7,Y,Yes,13,3,3,1,0,2,2,0,0,0,0
650,32,Male,Yes,Travel_Rarely,Sales,Sales Manager,Other,Divorced,14,4,1,1,80,1484,72,4949,9818,3,3,2,4,Y,Yes,16,3,1,1,10,2,3,4,3,3,3
356,30,Male,No,Travel_Rarely,Human Resources,Hr Executive,Human Resources,Single,26,3,1,1,80,116,90,26755,3544,2,1,2,2,Y,No,17,3,1,0,10,3,2,3,2,0,0
741,32,Female,No,Travel_Rarely,Engineering,Software Engineer,Software Engineering,Divorced,9,3,1,3,80,1346,48,9146,3247,4,1,1,6,Y,Yes,19,4,2,0,9,2,2,2,2,0,2
375,50,Male,Yes,Travel_Rarely,Sales,Sales Executive,Marketing,Single,22,3,1,4,80,998,59,16954,20700,4,5,1,9,Y,Yes,11,3,3,0,34,5,2,1,1,0,1
958,29,Male,No,Travel_Rarely,Engineering,Software Engineer,Electrical Engineering,Divorced,28,5,1,1,80,1043,34,5698,4210,1,1,2,4,Y,No,14,3,2,1,11,2,4,6,1,1,0
876,39,Male,No,Non-Travel,Engineering,Senior Software Engineer,Computer Science,Married,15,1,1,2,80,1111,37,13276,6167,1,3,1,1,Y,No,25,3,1,1,21,1,3,21,18,6,12
1309,22,Male,Yes,Travel_Frequently,Sales,Sales Executive,Other,Married,10,2,1,1,80,642,52,20371,3729,2,1,1,3,Y,No,16,3,3,2,2,2,2,2,0,2,1
563,30,Male,Yes,Travel_Rarely,Customer Support,Technical Support Engineer,Other,Single,28,2,1,4,80,1103,35,15994,3319,2,1,4,5,Y,Yes,20,3,1,3,11,4,3,3,3,0,3
729,26,Female,No,Travel_Rarely,Marketing,Content Strategist,Other,Married,18,2,1,2,80,384,89,8978,3170,2,1,1,9,Y,No,19,3,3,2,36,3,3,6,0,0,1
458,30,Female,No,Travel_Rarely,Sales,Sales Manager,Computer Science,Married,18,3,1,1,80,1038,35,26141,4446,4,1,1,3,Y,No,25,3,3,0,10,3,3,1,1,1,0
1286,25,Female,Yes,Travel_Frequently,Engineering,Software Engineer,Electrical Engineering,Single,3,4,1,1,80,769,78,8718,4336,4,1,4,2,Y,No,23,3,4,0,4,5,2,3,0,0,3
479,37,Male,Yes,Travel_Rarely,Customer Support,Support Team Lead,Computer Science,Single,1,3,1,3,80,213,62,8048,4241,2,1,2,2,Y,No,14,4,2,0,13,1,0,5,4,0,4
1464,36,Male,No,Travel_Rarely,Product,Ux Designer,Information Technology,Married,11,3,1,4,80,1156,45,17464,7162,3,2,2,4,Y,No,14,3,3,3,14,3,2,13,7,1,2
1369,35,Male,Yes,Travel_Rarely,Engineering,Qa Engineer,Electrical Engineering,Single,12,2,1,3,80,1339,48,17487,3514,3,1,4,5,Y,Yes,22,4,2,1,14,2,3,9,9,8,7
643,35,Female,No,Travel_Rarely,Engineering,Qa Engineer,Software Engineering,Single,20,4,1,3,80,862,75,22370,5052,1,2,2,8,Y,No,25,3,2,1,16,3,3,3,3,0,3
348,24,Female,Yes,Travel_Rarely,It Operations,System Administrator,Information Technology,Single,12,4,1,3,80,1360,84,25014,2804,1,2,4,6,Y,No,25,4,4,1,5,2,3,5,5,0,0
447,40,Female,No,Travel_Rarely,Human Resources,Hr Executive,Business Administration,Unknown,23,2,1,4,80,748,87,25836,8881,2,3,3,1,Y,No,24,3,4,0,19,2,3,7,4,4,0
1325,37,Male,No,Travel_Rarely,Human Resources,Hr Manager,Human Resources,Divorced,21,2,1,1,80,908,47,15382,14221,3,5,3,6,Y,Yes,15,3,4,1,19,0,3,19,11,17,8
380,34,Male,No,Travel_Rarely,Data & Analytics,Data Scientist,Data Science,Single,10,3,1,2,80,631,74,26226,7216,2,2,1,1,Y,Yes,21,3,3,3,15,6,3,8,8,1,0
1283,42,Female,Yes,Travel_Frequently,Product,Product Manager,Computer Science,Single,24,4,1,2,80,1186,32,15580,3544,2,1,2,4,Y,Yes,11,3,3,0,19,3,3,6,5,6,0
604,40,Male,No,Travel_Frequently,Marketing,Digital Marketing Manager,Other,Single,19,3,1,3,80,1364,79,16957,9665,1,3,4,5,Y,No,23,4,3,1,20,3,2,19,0,12,19
1358,30,Male,No,Travel_Frequently,Customer Support,Technical Support Engineer,Computer Science,Single,5,4,1,4,80,975,67,18791,3380,1,1,3,2,Y,No,23,3,1,1,10,4,3,4,3,4,0
232,29,Female,No,Travel_Frequently,Sales,Account Manager,Computer Science,Single,27,4,1,4,80,1438,76,13848,4887,4,1,2,1,Y,Yes,24,3,2,1,8,3,3,6,2,6,6
383,40,Male,No,Travel_Frequently,Data & Analytics,Data Scientist,Statistics,Divorced,23,1,1,3,80,105,78,11644,2214,1,1,1,3,Y,No,11,3,3,2,21,2,1,13,10,6,1
936,45,Female,No,Travel_Frequently,Marketing,Content Strategist,Marketing,Married,6,4,1,4,80,1207,89,22384,4841,3,2,1,3,Y,No,20,3,2,0,24,6,3,11,5,3,7
73,43,Male,No,Travel_Rarely,Marketing,Marketing Specialist,Other,Married,7,2,1,2,80,990,48,24690,5243,2,2,1,7,Y,No,20,3,1,0,25,4,3,12,3,3,2
71,28,Female,Yes,Travel_Rarely,Human Resources,Hr Executive,Other,Single,9,2,1,2,80,688,46,18942,2496,3,1,2,1,Y,No,25,4,1,0,8,4,3,2,2,2,2
975,40,Male,No,Travel_Rarely,Human Resources,Talent Acquisition Specialist,Human Resources,Single,23,1,1,1,80,1028,92,6360,9193,1,3,3,4,Y,Yes,22,3,2,1,17,1,2,12,10,1,2
172,20,Female,Yes,Travel_Rarely,Customer Support,Support Team Lead,Information Technology,Married,5,3,1,3,80,1086,46,20958,3233,3,1,1,4,Y,No,18,3,4,1,2,4,3,0,0,0,0
169,27,Female,No,Travel_Frequently,Product,Product Analyst,Information Technology,Single,3,3,1,4,80,1479,32,12996,12585,2,3,3,2,Y,No,22,3,4,1,7,5,3,3,2,1,1
494,25,Male,Yes,Travel_Rarely,Engineering,Software Engineer,Software Engineering,Married,22,4,1,3,80,714,32,24824,11966,1,3,1,5,Y,No,22,3,4,1,8,3,2,5,0,5,4
1024,34,Male,No,Non-Travel,Engineering,Qa Engineer,Unknown,Single,24,4,1,3,80,1175,69,13955,4045,1,1,1,7,Y,Yes,23,3,3,0,13,4,3,4,1,1,1
983,35,Female,No,Travel_Frequently,Engineering,Qa Engineer,Electrical Engineering,Divorced,13,2,1,1,80,1032,96,17110,10038,4,3,4,1,Y,No,20,3,4,0,15,2,3,3,2,2,1
273,33,Male,No,Travel_Frequently,Human Resources,Hr Executive,Other,Married,14,3,1,2,80,808,59,3291,3544,1,1,2,9,Y,Yes,18,3,1,1,15,2,3,7,6,4,1
906,41,Male,No,Travel_Rarely,Marketing,Marketing Specialist,Business Administration,Single,31,3,1,1,80,841,38,22283,5450,3,2,2,4,Y,No,23,4,3,0,25,4,3,17,5,13,12
421,29,Unknown,No,Travel_Rarely,Engineering,Devops Engineer,Electrical Engineering,Married,21,4,1,2,80,414,66,25999,2100,4,1,1,2,Y,No,23,3,2,2,12,1,3,0,0,0,0
95,35,Male,Yes,Travel_Rarely,Human Resources,Talent Acquisition Specialist,Human Resources,Married,36,4,1,3,80,150,36,26856,6172,3,2,4,0,Y,Yes,15,3,3,2,14,1,3,4,0,4,2
1355,39,Female,Yes,Travel_Frequently,Engineering,Software Engineer,Software Engineering,Married,11,4,1,1,80,120,40,20758,6274,1,2,1,5,Y,No,22,3,2,0,23,2,3,15,11,11,12
1180,35,Male,Yes,Travel_Frequently,Engineering,Senior Software Engineer,Other,Married,14,4,1,2,80,598,54,8047,13593,3,3,4,1,Y,No,12,3,4,2,16,0,3,5,2,3,4
43,37,Male,No,Travel_Rarely,Data & Analytics,Data Analyst,Statistics,Divorced,5,2,1,2,80,1443,44,6089,6654,2,2,1,9,Y,No,13,3,1,1,17,2,3,17,1,8,15
57,46,Male,No,Travel_Rarely,Engineering,Senior Software Engineer,Electrical Engineering,Single,27,3,1,4,80,648,84,20262,8495,3,4,2,3,Y,No,15,3,2,1,25,2,3,11,5,9,7
1184,22,Male,No,Travel_Rarely,Marketing,Content Strategist,Business Administration,Married,12,2,1,0,80,821.5,48,17462,10639,2,3,4,4,Y,No,19,3,1,2,2,4,2,2,0,1,0
893,31,Male,No,Travel_Rarely,Human Resources,Hr Executive,Human Resources,Divorced,5,3,1,4,80,186,72,20593,2977,4,1,3,9,Y,No,16,3,1,2,10,3,3,1,1,1,1
39,31,Male,No,Travel_Rarely,Human Resources,Hr Manager,Business Administration,Single,28,4,1,3,80,977,52,24189,3614,2,1,2,7,Y,No,16,3,1,1,12,2,4,12,12,4,10
307,31,Male,Yes,Travel_Rarely,Sales,Sales Executive,Other,Single,24,3,1,1,80,1200,30,20929,11093,4,3,3,7,Y,No,21,4,2,0,11,3,3,3,2,3,0
649,35,Female,No,Travel_Rarely,Human Resources,Talent Acquisition Specialist,Human Resources,Divorced,23,3,1,1,80,451,83,22783,4097,4,1,1,2,Y,Yes,16,4,4,1,18,4,3,13,6,6,0
1289,44,Female,No,Travel_Frequently,Data & Analytics,Data Engineer,Statistics,Divorced,13,3,1,1,80,712,70,10153,21839,1,5,1,4,Y,No,14,3,3,3,25,3,4,2,2,2,0
409,36,Male,Yes,Travel_Frequently,Customer Support,Technical Support Engineer,Computer Science,Married,14,4,1,4,80,1399,69,16059,1936,1,1,3,7,Y,No,16,3,3,1,17,1,2,15,9,6,0
167,27,Male,Yes,Travel_Rarely,Human Resources,Talent Acquisition Specialist,Other,Single,18,3,1,1,80,1061,52,19453,2816,1,1,3,3,Y,Yes,11,3,1,2,3,2,3,3,2,0,3
535,20,Female,No,Travel_Frequently,Engineering,Software Engineer,Electrical Engineering,Married,6,2,1,3,80,182,50,14964,5342,4,1,2,5,Y,No,14,4,2,0,2,2,3,2,1,0,0
849,24,Male,No,Travel_Frequently,Engineering,Engineering Manager,Information Technology,Divorced,17,4,1,4,80,1412,95,5871,23704,2,5,3,7,Y,No,13,3,2,2,1,3,3,1,0,0,0
1407,30,Female,Yes,Non-Travel,Human Resources,Hr Executive,Human Resources,Divorced,25,3,1,4,80,1273,87,17639,3378,4,1,1,4,Y,Yes,13,4,2,1,10,3,2,3,0,0,2
1260,32,Male,Yes,Travel_Rarely,Engineering,Qa Engineer,Computer Science,Married,21,3,1,4,80,719,69,9085,5794.5,4,2,1,4,Y,No,12,3,1,0,10,2,3,8,2,5,5
1397,26,Male,No,Non-Travel,Human Resources,Hr Executive,Other,Married,26,4,1,2,80,253,57,16177,8130,3,3,4,9,Y,No,14,3,1,0,4,2,2,3,1,1,3
681,24,Male,No,Travel_Frequently,Sales,Sales Manager,Unknown,Married,6,5,1,3,80,1474,35,4733,7397,4,2,2,6,Y,Yes,22,4,3,1,8,3,2,7,3,7,4
870,43,Male,No,Travel_Frequently,Engineering,Software Engineer,Information Technology,Married,19,4,1,1,80,1081,86,4130,4009,2,1,2,8,Y,Yes,13,3,4,3,25,1,4,18,7,13,18
317,29,Male,No,Travel_Frequently,Marketing,Marketing Specialist,Other,Single,16,3,1,4,80,343,54,24421,6534,4,2,4,6,Y,No,20,3,3,2,11,1,3,10,6,10,4
1191,42,Male,No,Travel_Frequently,Marketing,Marketing Specialist,Marketing,Single,27,5,1,2,80,1134,84,22070,10657,2,3,2,5,Y,No,24,4,2,3,22,3,3,3,1,0,0
1274,49,Female,No,Travel_Rarely,Data & Analytics,Data Engineer,Data Science,Divorced,22,4,1,2,80,1334,57,19494,3404,3,2,2,9,Y,Yes,13,4,1,1,29,2,3,3,1,1,0
517,27,Female,Yes,Travel_Rarely,Sales,Sales Executive,Marketing,Single,27,5,1,4,80,1364,40,13843,10387,2,3,3,4,Y,No,13,3,1,0,7,2,1,2,0,1,2
1122,36,Male,Yes,Travel_Rarely,Product,Product Manager,Other,Divorced,5,3,1,3,80,636,43,13470,4392,3,1,2,1,Y,No,13,3,4,1,16,1,3,15,12,2,4
534,20,Female,No,Travel_Rarely,Sales,Account Manager,Marketing,Single,21,3,1,1,80,382,67,21307,4403,1,1,4,4,Y,No,19,4,2,0,0,4,3,0,0,0,0
641,31,Female,No,Travel_Rarely,Engineering,Devops Engineer,Unknown,Married,5,3,1,4,80,280,61,9151,5955,3,2,4,7,Y,Yes,21,4,1,1,10,2,2,8,4,2,2
636,33,Female,No,Travel_Rarely,Sales,Sales Manager,Unknown,Single,1,3,1,4,80,1216,70,3501,3180,1,1,3,4,Y,Yes,17,3,2,1,13,4,3,12,0,6,1
780,38,Female,No,Travel_Rarely,Data & Analytics,Data Analyst,Computer Science,Single,16,2,1,4,80,693,67,19687,6385,4,2,1,6,Y,No,20,3,2,0,19,1,3,12,7,12,3
549,40,Male,No,Travel_Rarely,Engineering,Engineering Manager,Computer Science,Divorced,15,4,1,4,80,974,64,2003,5863,1,2,4,2,Y,No,24,3,1,0,23,2,3,10,9,9,9
1222,33,Male,No,Travel_Rarely,Product,Product Analyst,Other,Single,19,4,1,4,80,1383,50,9222,2470,4,3,2,9,Y,No,23,3,3,1,15,2,1,13,5,6,13
1387,39,Male,Yes,Travel_Rarely,Product,Ux Designer,Business Administration,Married,10,2,1,0,80,927,78,9117,6333,4,2,2,0,Y,Yes,25,4,1,1,17,1,3,0,0,0,0
638,36,Male,Yes,Travel_Rarely,It Operations,System Administrator,Information Technology,Married,18,3,1,1,80,521,70,9461,12905,4,3,3,3,Y,Yes,13,3,3,2,18,2,4,7,0,5,0
631,33,Female,No,Non-Travel,Engineering,Engineering Manager,Computer Science,Married,4,2,1,2,80,322,95,17719,4393,3,2,2,1,Y,No,13,4,2,2,13,5,3,7,1,4,7
62,31,Male,No,Non-Travel,Customer Support,Customer Support Specialist,Computer Science,Divorced,28,4,1,3,80,196,94,5893,19930,4,5,2,8,Y,Yes,24,3,4,0,10,2,4,0,0,0,0
1025,40,Male,No,Travel_Rarely,Engineering,Software Engineer,Software Engineering,Married,11,4,1,3,80,1439,63,22927,4056,3,1,3,0,Y,Yes,22,4,4,1,19,5,4,19,11,9,10
537,31,Female,No,Travel_Rarely,Product,Product Manager,Other,Married,23,1,1,3,80,538,98,12710,7160,2,3,3,0,Y,Yes,23,3,1,0,12,2,3,11,4,5,1
1466,39,Male,No,Non-Travel,Sales,Account Manager,Marketing,Married,25,4,1,4,80,1208,58,15733,4715,1,2,1,3,Y,No,20,3,2,1,18,2,3,9,9,9,3
1000,36,Female,No,Non-Travel,Sales,Sales Executive,Computer Science,Single,19,2,1,3,80,633,42,15754,14111,3,3,4,7,Y,Yes,21,3,4,1,19,2,2,10,0,9,3
245,28,Female,No,Non-Travel,Product,Product Analyst,Business Administration,Divorced,8,4,1,1,80,318,81,23734,2678,1,1,4,7,Y,Yes,13,4,1,2,5,2,3,1,0,1,1
26,39,Male,No,Travel_Rarely,Data & Analytics,Bi Analyst,Statistics,Divorced,18,3,1,3,80,576,70,11605,11499,1,4,1,3,Y,No,18,3,2,1,20,1,4,7,4,3,7
223,38,Male,Yes,Travel_Rarely,Engineering,Devops Engineer,Information Technology,Divorced,5,3,1,4,80,302,44,12849,3043,3,1,1,7,Y,No,24,3,2,1,17,2,2,9,0,5,1
1201,27,Female,No,Travel_Frequently,Marketing,Digital Marketing Manager,Marketing,Single,14,4,1,3,80,1133,98,23784,25000,4,5,3,8,Y,No,16,3,2,0,9,2,4,0,0,0,0
106,40,Male,No,Travel_Rarely,Marketing,Digital Marketing Manager,Other,Unknown,8,4,1,1,80,273,57,14598,4796,4,2,3,9,Y,No,19,3,4,2,18,2,0,5,3,1,5
830,20,Unknown,No,Travel_Rarely,Human Resources,Talent Acquisition Specialist,Human Resources,Divorced,21,3,1,2,80,506,98,23492,15400,4,4,3,3,Y,Yes,23,3,1,0,1,2,2,1,1,0,1
510,39,Male,No,Travel_Rarely,Customer Support,Technical Support Engineer,Computer Science,Married,25,3,1,4,80,467,98,24603,5857,1,2,2,1,Y,Yes,25,3,3,0,20,0,3,15,11,12,1
132,48,Female,No,Travel_Rarely,Sales,Account Manager,Computer Science,Single,24,1,1,4,80,868,90,24845,4286,3,1,1,9,Y,No,19,3,1,0,24,4,4,5,3,3,4
1011,36,Female,No,Non-Travel,Engineering,Engineering Manager,Information Technology,Divorced,7,2,1,1,80,445,78,19795,4489,4,2,2,6,Y,No,23,3,1,2,19,2,3,12,0,1,5
665,34,Female,Yes,Travel_Rarely,Human Resources,Hr Executive,Other,Divorced,12,3,1,1,80,968,96,12306,7395,2,2,2,7,Y,No,20,3,1,3,12,2,4,0,0,0,0
509,37,Male,Yes,Travel_Rarely,Sales,Sales Manager,Business Administration,Married,7,3,1,4,80,877,48,15800,24509,2,5,4,9,Y,Yes,18,3,2,3,19,4,3,16,1,11,5
865,32,Female,Yes,Travel_Rarely,Data & Analytics,Data Engineer,Computer Science,Married,1,4,1,3,80,973,89,17499,25000,3,5,3,8,Y,No,13,3,1,1,13,3,3,5,1,2,4
76,28,Male,No,Travel_Rarely,It Operations,It Support Engineer,Information Technology,Married,26,4,1,2,80,1178,44,8237,6452,3,2,4,4,Y,No,16,3,4,0,9,3,1,6,2,4,6
37,38,Female,No,Travel_Rarely,Sales,Sales Executive,Computer Science,Married,25,4,1,2,80,359,68,8341,7493,3,3,3,8,Y,No,18,3,4,3,18,2,3,11,1,2,10
1308,37,Female,No,Travel_Rarely,Engineering,Engineering Manager,Software Engineering,Married,26,3,1,1,80,757,74,22433,11758,3,3,4,4,Y,Yes,15,3,1,0,16,5,3,13,5,1,13
58,40,Female,No,Travel_Frequently,Product,Product Manager,Information Technology,Married,20,4,1,4,80,1423,89,18414,8028,3,2,4,1,Y,Yes,16,4,1,1,22,3,1,22,21,4,13
197,20,Female,Yes,Travel_Rarely,Sales,Sales Executive,Computer Science,Single,28,4,1,1,80,616,67,14391,2983,2,1,4,0,Y,No,24,3,2,2,3,2,3,0,0,0,0
1227,39,Male,No,Non-Travel,Marketing,Marketing Specialist,Business Administration,Married,27,2,1,2,80,597,41,18140,6820,1,3,4,2,Y,Unknown,12,3,1,0,17,1,3,8,2,4,2
698,40,Male,Yes,Travel_Rarely,Engineering,Qa Engineer,Other,Married,25,3,1,1,80,354,35,14370,2887,1,1,3,1,Y,Yes,11,3,2,3,17,4,0,10,7,1,8
1419,28,Male,Yes,Travel_Rarely,Data & Analytics,Data Scientist,Data Science,Single,8,2,1,3,80,128,83,11661,10142,4,4,2,1,Y,Yes,15,4,1,0,6,4,3,1,0,0,1
653,36,Male,Yes,Travel_Rarely,Engineering,Unknown,Computer Science,Married,17,4,1,2,80,822,67,12993,3445,3,1,4,1,Y,No,14,3,2,1,19,3,3,3,2,0,2
478,20,Male,No,Travel_Frequently,Engineering,Senior Software Engineer,Unknown,Divorced,7,3,1,1,80,863,61,19375,4461,3,2,2,0,Y,No,24,3,3,0,0,2,3,0,0,0,0
87,38,Male,No,Travel_Rarely,Sales,Account Manager,Computer Science,Divorced,22,3,1,3,80,1121,42,19572,11261,3,4,3,6,Y,Yes,23,3,2,1,18,2,4,12,7,6,1
562,24,Male,No,Travel_Frequently,Engineering,Qa Engineer,Software Engineering,Married,10,2,1,1,80,1191,76,23450,10676,3,3,4,5,Y,No,22,3,1,0,3,2,3,2,1,2,1
335,35,Male,No,Travel_Rarely,It Operations,It Manager,Other,Divorced,13,3,1,1,80,1232,53,23860,3354,3,1,4,3,Y,Yes,15,3,4,1,16,1,2,1,1,0,1
1023,29,Male,Yes,Travel_Rarely,Marketing,Digital Marketing Manager,Marketing,Divorced,17,5,1,1,80,767,99,15087,4376,1,2,1,9,Y,No,15,3,2,0,5,1,3,1,1,0,0
803,21,Male,No,Travel_Rarely,Data & Analytics,Bi Analyst,Computer Science,Married,3,1,1,4,80,249,53,10778,14478,2,4,2,4,Y,Yes,18,4,3,0,0,3,3,0,0,0,0
977,35,Male,Yes,Travel_Rarely,Human Resources,Talent Acquisition Specialist,Other,Single,4,4,1,2,80,1460,93,25557,15178,3,4,1,1,Y,No,22,3,4,0,17,2,3,7,2,6,0
1150,45,Male,No,Travel_Rarely,Sales,Sales Executive,Business Administration,Single,27,2,1,2,80,1416,84,19204,9330,3,3,1,7,Y,No,23,3,2,3,23,5,3,15,12,7,11
1412,31,Female,Yes,Non-Travel,Customer Support,Customer Support Specialist,Information Technology,Married,14,4,1,4,80,1352,57,11399,1445,3,1,2,6,Y,No,13,3,1,0,9,2,2,5,4,4,2
539,37,Female,No,Travel_Rarely,Engineering,Qa Engineer,Electrical Engineering,Married,19,1,1,0,80,642,80,13469,11680,3,3,1,4,Y,Yes,24,3,2,2,19,1,2,15,10,6,9
1161,31,Male,No,Non-Travel,Engineering,Devops Engineer,Computer Science,Married,26,2,1,4,80,1354,42,15172,5727,2,2,4,7,Y,Yes,23,3,1,0,10,3,3,5,1,1,4
419,32,Male,No,Travel_Rarely,Human Resources,Hr Manager,Human Resources,Single,14,4,1,1,80,438,79,23435,3082,4,2,4,3,Y,No,14,4,2,1,9,2,3,4,0,4,4
1425,24,Female,Yes,Travel_Frequently,It Operations,Unknown,Computer Science,Married,10,4,1,1,80,795,83,13611,4540,1,1,4,1,Y,No,25,3,2,2,4,4,4,0,0,0,0
1385,28,Male,No,Travel_Rarely,It Operations,System Administrator,Information Technology,Divorced,1,3,1,3,80,322,89,18708,4869,1,1,4,5,Y,No,11,3,3,0,6,6,2,2,2,1,2
972,34,Male,Yes,Travel_Rarely,It Operations,System Administrator,Other,Single,27,3,1,1,80,1226,90,7214,9586,3,3,4,2,Y,No,11,3,4,0,14,4,3,9,9,0,2
574,31,Unknown,No,Travel_Rarely,Product,Product Manager,Other,Single,27,1,1,2,80,857,97,25536,4732,1,1,4,3,Y,Yes,25,3,3,1,13,3,1,5,0,3,1
862,42,Male,Yes,Travel_Frequently,Engineering,Engineering Manager,Information Technology,Married,21,4,1,3,80,563,64,9247,10384,4,3,1,0,Y,No,22,3,2,2,21,4,2,10,0,0,0
1257,38,Male,No,Travel_Frequently,Human Resources,Hr Executive,Other,Single,24,3,1,1,80,1046,40,24230,2836,3,1,1,2,Y,No,16,3,3,3,18,4,3,8,0,3,4
333,20,Male,No,Travel_Rarely,Engineering,Engineering Manager,Other,Single,19,3,1,3,80,1467,37,12109,5170,1,2,1,6,Y,Unknown,20,4,2,3,0,5,1,0,0,0,0
811,24,Female,No,Travel_Rarely,Engineering,Engineering Manager,Other,Married,25,3,1,2,80,718,57,20726,8836,3,3,2,5,Y,No,22,3,3,3,4,3,2,0,0,0,0
575,32,Male,No,Travel_Rarely,Data & Analytics,Bi Analyst,Information Technology,Single,2,5,1,1,80,726,54,14152,12143,2,3,4,6,Y,No,11,4,3,1,12,4,3,5,5,1,4
1272,26,Female,No,Travel_Frequently,Data & Analytics,Data Scientist,Information Technology,Married,19,1,1,3,80,534,90,18252,4481,3,1,3,4,Y,No,19,3,2,0,2,4,3,1,0,0,0
1088,33,Male,No,Travel_Rarely,Product,Ux Designer,Business Administration,Single,7,4,1,2,80,376,94,4794,16590,2,3,2,3,Y,No,12,3,3,0,16,5,3,2,2,0,1
1083,30,Male,No,Travel_Rarely,Engineering,Engineering Manager,Electrical Engineering,Divorced,27,2,1,4,80,1261,67,20371,10361,4,3,4,4,Y,Yes,12,3,3,0,7,1,3,4,1,4,3
1351,33,Male,No,Travel_Rarely,Engineering,Engineering Manager,Computer Science,Divorced,23,4,1,3,80,770,93,12671,7654,3,2,4,9,Y,No,18,3,4,1,11,4,4,11,10,10,9
1199,42,Female,No,Non-Travel,It Operations,It Manager,Computer Science,Married,22,4,1,3,80,1496,85,15999,4657,3,2,2,0,Y,No,18,3,3,1,20,3,3,20,17,11,12
1163,39,Female,No,Travel_Rarely,Marketing,Marketing Specialist,Marketing,Single,19,3,1,4,80,1070,95,19285,14644,4,4,4,9,Y,No,17,3,4,1,19,2,3,0,0,0,0
9,30,Male,Yes,Travel_Rarely,Marketing,Content Strategist,Other,Single,28,2,1,1,80,194,88,8024,8193,2,2,3,9,Y,No,24,3,3,0,10,4,2,0,0,0,0
1226,39,Male,No,Travel_Rarely,Sales,Sales Manager,Computer Science,Single,8,2,1,1,80,1253,62,20735,4799,1,1,1,4,Y,No,16,3,1,1,16,2,4,2,0,2,1
1275,30,Male,No,Travel_Rarely,Customer Support,Support Team Lead,Other,Married,12,2,1,4,80,756,46,12376,5994,2,1,2,1,Y,No,16,4,2,2,10,1,3,1,0,0,1
782,23,Male,No,Travel_Rarely,Human Resources,Talent Acquisition Specialist,Business Administration,Married,17,4,1,3,80,430,91,8297,13827,3,3,4,9,Y,No,17,3,1,2,3,3,3,2,1,1,2
1284,33,Male,No,Travel_Rarely,Marketing,Content Strategist,Marketing,Married,26,3,1,2,80,1406,68,10719,7500,1,3,3,0,Y,No,11,4,2,0,10,2,3,9,9,1,8
1316,27,Male,No,Travel_Frequently,Customer Support,Support Team Lead,Business Administration,Married,21,3,1,1,80,377,35,12525,4358,4,2,1,3,Y,No,16,3,2,2,4,3,3,0,0,0,0
75,22,Male,No,Non-Travel,Engineering,Devops Engineer,Electrical Engineering,Married,23,3,1,2,80,445,84,21954,5065,3,2,4,8,Y,No,22,3,1,3,0,3,3,0,0,0,0
836,43,Male,No,Travel_Rarely,Engineering,Qa Engineer,Other,Married,8,4,1,2,80,925,55,10469,12173,2,3,3,6,Y,No,22,3,3,0,26,4,3,1,1,1,1
523,42,Male,No,Travel_Rarely,Engineering,Qa Engineer,Electrical Engineering,Divorced,8,3,1,2,80,1432,65,22376,3419,2,1,2,7,Y,No,12,3,2,1,18,3,2,13,2,5,4
336,25,Male,No,Travel_Rarely,Engineering,Engineering Manager,Other,Married,15,4,1,3,80,901,64,15824,4196,4,2,1,6,Y,Yes,16,3,2,1,4,2,3,1,0,1,0
570,45,Male,No,Travel_Frequently,Engineering,Engineering Manager,Computer Science,Single,11,4,1,2,80,1096,34,3401,7097,3,3,4,2,Y,Yes,15,3,4,1,26,2,2,19,17,11,5
591,20,Male,Yes,Travel_Rarely,Product,Product Manager,Other,Divorced,4,2,1,1,80,163,96,12102,8633,2,3,1,8,Y,Yes,25,4,1,1,0,3,3,0,0,0,0
89,31,Male,No,Travel_Rarely,It Operations,System Administrator,Electrical Engineering,Single,2,4,1,3,80,295,44,13368,3708,3,1,2,1,Y,No,17,3,2,1,10,2,1,2,0,0,2
719,41,Male,No,Travel_Rarely,Engineering,Engineering Manager,Software Engineering,Divorced,13,4,1,4,80,122,54,9527,8727,4,3,4,1,Y,No,15,3,1,1,20,2,3,13,1,11,7
218,30,Male,No,Travel_Frequently,Customer Support,Support Team Lead,Other,Single,24,5,1,0,80,912,45,18389,7661,4,2,4,7,Y,No,15,3,3,2,10,2,2,8,0,5,4
1391,24,Male,Yes,Travel_Rarely,Product,Product Manager,Information Technology,Married,23,3,1,1,80,273,41,22555,8030,4,2,2,4,Y,No,11,3,2,0,8,2,3,2,0,0,1
174,40,Male,No,Non-Travel,Data & Analytics,Data Scientist,Information Technology,Married,7,2,1,2,80,1326,89,23674,2494,4,1,3,3,Y,No,15,3,4,0,22,3,3,19,3,4,17
1363,41,Female,No,Travel_Rarely,Engineering,Software Engineer,Other,Married,8,4,1,3,80,657,81,9659,23583,4,5,3,4,Y,No,16,3,3,0,20,2,3,0,0,0,0
222,27,Male,No,Non-Travel,Engineering,Qa Engineer,Software Engineering,Married,26,3,1,3,80,437,45,5221,3746,2,1,2,5,Y,Yes,13,3,1,0,6,4,4,2,2,2,0
320,40,Female,Yes,Non-Travel,Engineering,Senior Software Engineer,Information Technology,Divorced,7,4,1,3,80,1159,35,7794,6391,3,3,2,8,Y,Yes,16,3,3,0,23,1,3,14,13,5,0
1293,26,Male,No,Travel_Rarely,It Operations,System Administrator,Other,Single,6,4,1,4,80,414,76,17092,3742,4,1,1,5,Y,Unknown,25,3,4,1,8,5,3,4,1,1,0
1328,20,Male,Yes,Travel_Rarely,Sales,Account Manager,Other,Single,16,3,1,4,80,576,32,18585,13248,3,4,3,8,Y,Yes,18,3,3,0,0,0,3,0,0,0,0
783,30,Male,Yes,Travel_Rarely,Sales,Unknown,Business Administration,Married,15,2,1,2,80,204,33,6803,8595,3,2,4,4,Y,Yes,17,3,3,3,10,1,3,6,0,4,3
267,32,Male,Yes,Travel_Frequently,Engineering,Software Engineer,Unknown,Married,27,4,1,2,80,1436,90,12035,8275,1,2,2,1,Y,Yes,15,3,3,0,11,0,4,7,7,3,2
7,40,Female,Yes,Travel_Rarely,Marketing,Content Strategist,Business Administration,Married,10,3,1,1,80,714,49,23244,5197,4,2,3,9,Y,Yes,11,3,1,0,22,3,3,12,6,10,3
934,25,Male,No,Travel_Rarely,Customer Support,Customer Support Specialist,Information Technology,Divorced,9,3,1,2,80,1260,78,8755,3307,4,1,4,8,Y,No,19,3,1,0,3,3,3,0,0,0,0
139,35,Male,Yes,Travel_Frequently,Human Resources,Talent Acquisition Specialist,Human Resources,Married,11,4,1,4,80,360,63,11897,11989,1,3,4,3,Y,Yes,15,3,4,3,14,5,2,5,0,0,3
164,34,Male,No,Non-Travel,It Operations,System Administrator,Electrical Engineering,Married,5,4,1,2,80,1046,89,17957,14835,4,4,4,4,Y,No,13,3,4,1,13,4,0,11,9,11,7
945,45,Female,Yes,Travel_Rarely,Customer Support,Support Team Lead,Computer Science,Single,23,5,1,4,80,1496,88,2871,3967,2,2,4,2,Y,Yes,14,3,2,0,25,2,3,23,10,12,20
595,27,Male,Yes,Travel_Rarely,Sales,Account Manager,Other,Single,5,1,1,4,80,423,48,20691,8521,4,3,4,4,Y,No,24,3,2,0,10,4,2,10,1,6,0
1310,23,Female,Yes,Travel_Rarely,Engineering,Senior Software Engineer,Software Engineering,Single,14,3,1,4,80,832,74,23902,9241,4,2,1,0,Y,No,12,3,2,1,2,3,3,2,2,1,0
1079,20,Male,Yes,Travel_Rarely,Data & Analytics,Data Engineer,Data Science,Single,10,1,1,4,80,1026,93,3955,4437,4,1,3,4,Y,Yes,21,3,3,1,0,2,3,0,0,0,0
1409,38,Male,No,Travel_Rarely,It Operations,System Administrator,Information Technology,Married,28,2,1,1,80,775,97,8896,9831,1,3,3,8,Y,No,18,3,2,0,18,2,2,11,11,1,10
524,32,Male,No,Travel_Rarely,Customer Support,Support Team Lead,Other,Married,22,4,1,4,80,1124,96,25863,16205,2,5,4,6,Y,No,22,3,2,1,12,4,3,10,10,6,4
833,38,Female,No,Travel_Rarely,Product,Product Manager,Information Technology,Married,16,4,1,2,80,334,89,6151,3630,1,1,1,8,Y,No,17,3,1,0,18,1,3,2,2,2,2
1338,31,Female,Yes,Travel_Rarely,Product,Product Manager,Other,Married,27,3,1,1,80,592,45,10738,6803,2,3,3,2,Y,No,16,3,3,2,9,4,0,2,1,2,1
579,21,Male,Yes,Travel_Rarely,Data & Analytics,Data Analyst,Data Science,Single,16,2,1,2,80,178,65,5228,13746,4,5,4,4,Y,No,25,3,3,0,0,2,4,0,0,0,0
749,36,Female,No,Travel_Rarely,Customer Support,Customer Support Specialist,Computer Science,Divorced,9,5,1,3,80,556,77,9059,6296,4,2,4,4,Y,No,11,3,1,0,20,2,1,17,10,4,15
20,27,Male,Yes,Travel_Rarely,Engineering,Qa Engineer,Electrical Engineering,Single,14,3,1,2,80,174,43,5880,2204,3,1,4,8,Y,No,11,3,3,1,8,1,1,0,0,0,0
818,24,Male,No,Non-Travel,Engineering,Qa Engineer,Information Technology,Single,10,3,1,3,80,1336,45,6585,2090,1,1,1,2,Y,No,17,3,1,2,3,4,3,1,0,0,1
634,36,Female,No,Travel_Rarely,Engineering,Engineering Manager,Software Engineering,Single,4,3,1,2,80,1079,96,8592,5421,4,2,1,4,Y,No,16,3,4,2,13,1,1,11,5,8,1
745,32,Male,No,Travel_Rarely,Product,Product Analyst,Other,Married,19,4,1,4,80,568,82,5737,6625,4,2,4,9,Y,No,11,4,1,0,9,3,2,8,3,0,0
619,48,Female,No,Travel_Rarely,Engineering,Devops Engineer,Information Technology,Single,25,3,1,1,80,1148,30,19673,6220,2,2,1,3,Y,Yes,11,3,2,3,27,3,3,3,2,1,2
1076,32,Male,No,Travel_Rarely,Sales,Sales Manager,Computer Science,Single,17,2,1,2,80,1131,66,14057,15446,2,4,3,7,Y,Yes,11,4,1,3,11,3,3,10,4,10,4
656,45,Male,No,Travel_Rarely,Human Resources,Hr Executive,Other,Divorced,16,3,1,4,80,1306,34,2672,5565,1,2,3,9,Y,No,22,3,1,0,28,4,3,24,10,2,15
798,37,Male,No,Travel_Rarely,Customer Support,Customer Support Specialist,Computer Science,Married,7,1,1,4,80,1415,65,12109,6293,2,2,1,8,Y,No,11,3,3,1,20,4,3,9,7,8,0
732,36,Male,No,Travel_Rarely,Data & Analytics,Data Engineer,Computer Science,Married,4,4,1,2,80,160,92,22414,22450,1,5,3,9,Y,No,25,3,3,1,17,4,3,6,6,3,1
138,41,Male,Yes,Travel_Rarely,Product,Product Manager,Information Technology,Divorced,28,2,1,2,80,1361,67,7849,5159,3,2,3,7,Y,No,12,3,4,0,22,4,3,5,0,3,4
558,21,Female,Yes,Travel_Rarely,Data & Analytics,Data Engineer,Statistics,Single,9,2,1,4,80,1229,45,3731,3597,4,1,4,1,Y,No,21,3,3,1,1,3,3,1,1,0,1
1215,37,Female,Yes,Travel_Frequently,Engineering,Qa Engineer,Software Engineering,Divorced,15,4,1,2,80,420,62,11054,3068,1,1,1,7,Y,No,22,4,4,2,17,1,3,5,2,4,3
877,37,Female,No,Travel_Frequently,Engineering,Unknown,Other,Married,11,4,1,4,80,552,97,21295,2585,1,1,4,7,Y,No,21,3,3,1,19,3,3,4,3,2,0
841,40,Male,No,Travel_Rarely,Marketing,Content Strategist,Business Administration,Married,24,4,1,4,80,993,98,19830,15170,3,4,3,1,Y,No,25,4,4,1,17,3,2,1,0,1,0
888,24,Male,No,Travel_Rarely,It Operations,It Support Engineer,Electrical Engineering,Divorced,26,4,1,1,80,1190,64,12069,14117,2,4,4,8,Y,Yes,22,3,1,1,5,3,3,4,1,0,4
369,37,Male,No,Travel_Rarely,Engineering,Engineering Manager,Computer Science,Divorced,20,3,1,1,80,726,35,11117,4025,3,1,3,0,Y,No,21,3,3,3,18,4,3,10,4,6,6
1394,45,Male,Yes,Travel_Rarely,Engineering,Engineering Manager,Other,Single,25,2,1,1,80,1211,98,25592,3502,4,2,3,4,Y,Yes,17,3,2,0,26,3,3,9,7,0,7
757,33,Male,No,Travel_Rarely,Engineering,Devops Engineer,Information Technology,Married,21,3,1,4,80,357,55,4049,3218,1,1,4,3,Y,No,11,3,1,1,13,2,2,9,9,8,7
328,38,Female,Yes,Travel_Rarely,Data & Analytics,Data Analyst,Information Technology,Married,15,3,1,3,80,1290,37,20279,2983,1,1,3,5,Y,Yes,16,3,3,3,16,0,4,10,8,10,3
318,30,Male,No,Travel_Rarely,Engineering,Software Engineer,Information Technology,Married,29,4,1,4,80,410,83,4392,3957,3,1,3,7,Y,No,13,3,4,1,7,2,3,1,0,1,0
1263,24,Female,Yes,Travel_Rarely,Marketing,Digital Marketing Manager,Marketing,Married,15,4,1,2,80,156,67,2153,3503,2,1,4,4,Y,No,23,3,4,0,2,2,3,1,0,1,0
1096,32,Female,Yes,Non-Travel,Engineering,Engineering Manager,Information Technology,Married,6,3,1,3,80,1234,66,21861,4345,4,2,4,6,Y,Yes,22,3,1,2,10,1,3,6,6,0,1
529,20,Male,No,Travel_Rarely,Data & Analytics,Data Engineer,Computer Science,Married,10,2,1,3,80,760,65,9959,5794.5,4,2,3,1,Y,Yes,15,3,2,3,1,1,3,0,0,0,0
527,46,Male,No,Travel_Rarely,Engineering,Senior Software Engineer,Electrical Engineering,Single,20,2,1,0,80,459,65,19043,3178,1,1,2,9,Y,No,23,3,4,1,25,4,1,13,2,8,13
88,46,Male,No,Travel_Frequently,Engineering,Senior Software Engineer,Information Technology,Divorced,21,4,1,4,80,310,61,15557,2638,2,2,2,0,Y,No,12,3,1,2,27,2,3,13,12,1,3
480,31,Male,No,Travel_Rarely,Sales,Sales Executive,Computer Science,Divorced,27,4,1,3,80,1245,59,25292,6446,1,3,1,6,Y,Yes,20,3,1,1,10,2,3,6,2,4,6
339,41,Female,No,Travel_Rarely,Human Resources,Hr Manager,Human Resources,Married,15,2,1,1,80,748,70,18588,6429,2,2,2,7,Y,Yes,16,3,4,0,19,2,3,18,12,0,8
740,33,Male,No,Travel_Rarely,Engineering,Software Engineer,Information Technology,Divorced,7,3,1,1,80,977,36,22106,9820,4,3,2,8,Y,No,20,4,2,0,15,3,3,12,6,0,10
658,38,Male,No,Non-Travel,Marketing,Digital Marketing Manager,Marketing,Single,13,2,1,4,80,733,80,17125,14346,4,4,4,8,Y,No,15,3,3,0,19,2,3,7,5,4,1
149,38,Female,Yes,Travel_Rarely,Engineering,Devops Engineer,Information Technology,Divorced,28,3,1,3,80,756,63,5467,3544,1,1,3,2,Y,Yes,24,3,3,3,15,2,3,10,10,5,5
1202,33,Female,Yes,Travel_Rarely,Sales,Sales Manager,Computer Science,Married,3,2,1,4,80,876,33,21832,16794,4,4,1,1,Y,No,13,3,2,1,9,6,3,4,1,4,1
1368,40,Female,Yes,Non-Travel,Customer Support,Customer Support Specialist,Computer Science,Married,22,1,1,2,80,1350,97,12236,7760,4,3,3,5,Y,Yes,24,3,4,1,22,4,3,13,7,9,12
29,27,Male,No,Travel_Frequently,Marketing,Marketing Specialist,Business Administration,Married,7,4,1,3,80,1432,66,23453,9576,4,3,2,6,Y,No,14,3,3,0,4,4,3,0,0,0,0
247,37,Male,No,Travel_Rarely,Customer Support,Technical Support Engineer,Business Administration,Single,21,1,1,1,80,1012,60,25124,6772,2,2,1,4,Y,No,20,3,4,0,17,2,3,5,4,3,0
366,39,Male,No,Travel_Rarely,Engineering,Engineering Manager,Computer Science,Single,16,4,1,4,80,1414,64,21448,5027,3,2,1,0,Y,No,24,3,3,1,17,2,3,13,6,13,0
1414,40,Male,No,Travel_Rarely,Marketing,Marketing Specialist,Business Administration,Married,28,1,1,1,80,1339,47,19309,4079,3,1,4,0,Y,No,22,3,4,0,24,3,3,8,1,4,3
799,30,Female,Yes,Travel_Frequently,Product,Ux Designer,Business Administration,Married,29,4,1,4,80,1379,54,4518,3361,2,1,1,3,Y,Yes,11,4,1,2,12,2,2,10,6,3,9
1117,29,Male,No,Travel_Rarely,Data & Analytics,Bi Analyst,Information Technology,Single,8,4,1,1,80,326,81,13177,4349,2,1,2,8,Y,No,24,3,4,0,5,4,3,5,3,0,5
199,20,Female,No,Travel_Rarely,Customer Support,Technical Support Engineer,Business Administration,Single,23,3,1,4,80,218,68,20340,2741,4,1,2,6,Y,Yes,17,3,3,1,2,3,3,0,0,0,0
1038,41,Male,No,Travel_Rarely,Engineering,Devops Engineer,Other,Single,22,3,1,3,80,629,98,13842,22631,4,4,2,4,Y,No,21,3,4,1,19,3,3,1,0,1,1
904,46,Male,No,Non-Travel,Engineering,Software Engineer,Software Engineering,Divorced,13,2,1,4,80,862,53,3696,16551,3,3,2,1,Y,No,25,3,4,2,24,3,3,24,1,17,0
405,20,Female,No,Travel_Rarely,Product,Ux Designer,Business Administration,Divorced,4,4,1,1,80,1141,92,21895,9739,4,3,3,4,Y,No,25,4,1,0,2,2,4,0,0,0,0
778,52,Female,No,Non-Travel,Sales,Account Manager,Unknown,Single,9,2,1,3,80,1070,52,15693,5998,4,2,1,6,Y,Yes,14,4,2,0,32,4,3,6,0,6,4
484,36,Male,No,Travel_Rarely,Sales,Sales Manager,Computer Science,Married,13,1,1,4,80,1193,53,22184,8697,3,3,4,1,Y,No,11,3,4,3,13,3,2,13,11,10,4
159,31,Male,No,Travel_Rarely,It Operations,System Administrator,Information Technology,Divorced,5,2,1,2,80,378,47,17311,2112,2,1,3,5,Y,No,14,3,3,1,8,3,4,3,3,3,0
316,37,Female,No,Travel_Frequently,Engineering,Senior Software Engineer,Electrical Engineering,Single,11,4,1,2,80,663,99,2949,13311,1,5,3,3,Y,No,14,3,3,0,16,3,3,14,6,5,10
257,31,Male,No,Travel_Rarely,Data & Analytics,Data Analyst,Information Technology,Divorced,26,3,1,4,80,762,35,24113,8838,2,3,3,9,Y,Unknown,13,3,2,1,13,4,3,8,4,2,0
8,24,Female,Yes,Travel_Frequently,Customer Support,Technical Support Engineer,Other,Married,28,3,1,1,80,821,93,17546,3836,1,1,3,2,Y,No,14,4,1,3,7,4,3,3,3,3,1
1006,29,Male,No,Travel_Rarely,Customer Support,Support Team Lead,Computer Science,Single,16,2,1,4,80,230,58,14519,5235,3,1,3,6,Y,No,21,3,1,1,9,2,3,1,1,0,1
385,27,Male,No,Travel_Rarely,Marketing,Marketing Specialist,Marketing,Divorced,12,4,1,1,80,933,30,24804,11738,3,3,4,1,Y,No,12,3,2,2,4,6,3,1,0,0,0
178,45,Female,No,Travel_Frequently,Data & Analytics,Data Scientist,Information Technology,Married,11,3,1,3,80,719,66,24382,12606,4,3,4,5,Y,No,22,3,2,0,26,2,2,17,5,14,15
737,36,Female,No,Travel_Rarely,Engineering,Software Engineer,Electrical Engineering,Single,18,3,1,3,80,828.5,71,15978,6642,3,2,3,6,Y,No,23,3,2,1,19,2,3,14,3,3,6
315,38,Female,No,Travel_Rarely,It Operations,It Manager,Computer Science,Married,18,4,1,1,80,899,59,6322,6916,2,3,2,9,Y,No,22,4,3,1,18,0,2,8,1,1,1
358,38,Male,No,Travel_Rarely,Customer Support,Customer Support Specialist,Other,Married,10,3,1,2,80,518,48,10086,17821,4,4,3,7,Y,Yes,16,3,3,0,17,4,2,9,0,0,4
299,29,Male,No,Travel_Frequently,Data & Analytics,Data Analyst,Statistics,Divorced,5,4,1,1,80,811,84,17795,10710,4,3,1,5,Y,No,25,3,2,1,11,2,3,3,0,2,2
456,20,Male,No,Travel_Rarely,Sales,Account Manager,Marketing,Single,2,4,1,1,80,1225,31,26684,3963,2,1,3,4,Y,Yes,19,3,4,0,0,2,3,0,0,0,0
544,31,Male,No,Travel_Rarely,Engineering,Qa Engineer,Other,Married,7,4,1,4,80,876,90,6744,2390,1,1,4,1,Y,No,15,3,1,0,14,3,0,2,1,0,1
663,31,Male,No,Travel_Rarely,Engineering,Senior Software Engineer,Electrical Engineering,Single,17,3,1,1,80,1096,93,25912,5604,1,1,1,5,Y,No,20,3,3,1,14,0,3,12,2,8,10
597,25,Female,Yes,Travel_Rarely,Sales,Sales Manager,Other,Married,34,5,1,4,80,1087,66,18483,6031,1,2,4,2,Y,No,25,3,4,0,3,3,3,1,0,0,0
1051,44,Female,No,Travel_Rarely,Engineering,Senior Software Engineer,Electrical Engineering,Single,12,2,1,1,80,967,88,16456,2687,2,1,3,9,Y,No,15,3,3,1,28,3,3,22,12,17,7
883,39,Female,No,Non-Travel,Customer Support,Support Team Lead,Other,Married,11,3,1,1,80,669,51,23007,4009,2,2,2,9,Y,No,21,3,1,0,19,4,3,17,0,15,16
528,34,Female,No,Travel_Rarely,Engineering,Qa Engineer,Computer Science,Married,26,4,1,1,80,647,61,14516,2981,4,1,3,7,Y,No,11,4,3,0,16,2,2,11,11,3,0
1241,39,Female,No,Travel_Rarely,Data & Analytics,Bi Analyst,Data Science,Single,6,5,1,2,80,604,82,23257,18067,3,4,1,7,Y,No,21,3,4,0,17,3,1,8,0,2,2
160,40,Male,No,Travel_Rarely,Engineering,Devops Engineer,Software Engineering,Divorced,6,4,1,2,80,1451,66,20843,21721,3,4,2,1,Y,No,19,3,1,0,21,4,3,4,3,4,3
1334,28,Male,No,Travel_Rarely,Engineering,Software Engineer,Electrical Engineering,Divorced,7,4,1,3,80,647,82,3466,15302,1,4,2,5,Y,Yes,19,3,1,2,10,4,3,8,2,8,0
361,30,Male,No,Travel_Rarely,Data & Analytics,Data Analyst,Information Technology,Divorced,12,5,1,1,80,992,50,23082,2015,4,1,4,7,Y,No,25,3,3,0,9,1,3,9,3,9,3
1307,43,Male,No,Travel_Rarely,Engineering,Engineering Manager,Other,Divorced,25,3,1,3,80,966,45,16590,11607,4,3,2,4,Y,No,14,3,3,1,21,2,2,15,0,7,7
203,30,Male,No,Travel_Rarely,Sales,Sales Manager,Marketing,Divorced,4,4,1,3,80,1309,60,5822,18144,2,5,4,7,Y,Unknown,15,3,2,0,8,3,2,8,7,8,1
1094,35,Male,No,Travel_Rarely,Marketing,Marketing Specialist,Business Administration,Single,20,1,1,0,80,992,68,23257,6916,1,2,3,0,Y,Yes,25,3,3,1,19,2,3,19,0,9,7
759,33,Male,No,Travel_Rarely,It Operations,System Administrator,Other,Married,19,2,1,1,80,1491,36,15548,13408,4,4,1,9,Y,Yes,14,3,2,0,13,0,3,2,1,0,1
113,42,Female,No,Travel_Rarely,Engineering,Engineering Manager,Information Technology,Single,8,4,1,1,80,143,87,23822,7262,3,2,1,2,Y,Yes,20,3,3,1,22,1,3,12,9,12,0
871,35,Female,No,Travel_Frequently,Engineering,Senior Software Engineer,Information Technology,Married,14,4,1,1,80,553,46,20568,22129,4,5,1,2,Y,No,15,4,3,1,17,4,4,7,6,6,7
308,29,Female,No,Travel_Rarely,Engineering,Engineering Manager,Computer Science,Single,22,4,1,1,80,1362,66,4233,2091,4,2,3,5,Y,No,19,3,2,0,8,0,3,4,1,4,4
826,27,Male,No,Travel_Frequently,Engineering,Devops Engineer,Software Engineering,Married,25,3,1,1,80,1159,78,13837,2756,1,1,3,7,Y,No,22,4,3,1,9,1,4,9,8,2,0
423,41,Male,No,Travel_Frequently,Sales,Sales Manager,Marketing,Single,7,4,1,3,80,1428,61,8740,2161,4,1,3,9,Y,No,20,3,1,1,20,0,3,15,12,2,11
1448,20,Female,No,Travel_Frequently,Data And Analytics,Data Scientist,Data Science,Divorced,22,3,1,2,80,778,77,22955,5328,2,2,3,0,Y,No,14,3,4,1,0,4,3,0,0,0,0
1099,31,Female,Yes,Travel_Rarely,Engineering,Devops Engineer,Computer Science,Divorced,5,3,1,4,80,1067,52,23915,9027,3,3,1,3,Y,Yes,16,3,1,0,15,4,4,15,11,1,7
1262,27,Male,Yes,Travel_Rarely,Human Resources,Hr Manager,Human Resources,Married,7,3,1,4,80,203,92,15427,7217,2,2,2,4,Y,No,13,3,2,2,8,3,4,3,2,0,3
460,20,Female,Yes,Travel_Frequently,Engineering,Devops Engineer,Electrical Engineering,Married,21,3,1,2,80,864,79,18545,9883,1,3,2,9,Y,No,22,4,4,0,4,2,3,1,1,1,1
1266,25,Male,No,Travel_Rarely,Customer Support,Customer Support Specialist,Information Technology,Single,12,5,1,2,80,1064,85,22035,2386,3,1,2,1,Y,No,19,3,2,2,9,3,4,2,1,1,0
1282,39,Male,No,Travel_Rarely,Engineering,Senior Software Engineer,Information Technology,Single,25,2,1,3,80,1440,72,20621,13016,4,4,3,7,Y,Yes,16,3,3,1,17,3,3,0,0,0,0
801,20,Female,No,Travel_Rarely,Engineering,Engineering Manager,Information Technology,Married,4,2,1,0,80,198,50,15988,6623,1,2,3,7,Y,No,21,3,3,0,0,2,3,0,0,0,0
899,39,Male,No,Non-Travel,Engineering,Engineering Manager,Computer Science,Married,22,4,1,4,80,1015,53,2487,4168,2,1,3,9,Y,No,18,3,2,1,17,4,2,9,9,8,8
450,39,Male,No,Travel_Rarely,Marketing,Digital Marketing Manager,Marketing,Divorced,26,3,1,2,80,821,55,21536,4286,2,1,1,2,Y,Yes,21,3,1,0,21,4,3,16,7,5,12
680,49,Male,No,Travel_Frequently,Human Resources,Hr Executive,Human Resources,Married,16,2,1,2,80,234,72,22647,4559,2,1,3,1,Y,Unknown,16,4,3,1,28,2,4,17,17,2,0
693,42,Female,No,Travel_Frequently,Sales,Sales Executive,Business Administration,Single,1,4,1,3,80,792,72,2362,5266,1,2,2,5,Y,No,14,3,4,1,25,4,3,2,1,0,1
956,41,Female,No,Travel_Rarely,Product,Ux Designer,Computer Science,Divorced,17,1,1,4,80,1016,66,14950,6499,4,2,4,4,Y,No,21,3,4,2,23,5,3,10,1,8,1
81,23,Male,Yes,Travel_Frequently,Customer Support,Support Team Lead,Computer Science,Married,27,3,1,3,80,755,97,15934,6797,1,2,2,5,Y,No,25,3,1,0,3,2,2,1,1,1,0
1296,27,Male,No,Travel_Rarely,Engineering,Senior Software Engineer,Information Technology,Divorced,1,3,1,3,80,902,37,17935,6551,4,3,1,6,Y,No,17,4,1,2,7,2,0,6,3,6,5
1290,37,Female,No,Travel_Rarely,Engineering,Engineering Manager,Information Technology,Single,16,4,1,3,80,996,42,17158,2582,3,1,1,4,Y,No,11,3,1,1,17,4,3,10,9,8,9
763,39,Male,Yes,Travel_Rarely,Data & Analytics,Data Engineer,Statistics,Divorced,27,4,1,2,80,310,32,22869,17898,3,5,1,8,Y,No,11,3,3,1,21,2,4,21,19,5,10
216,27,Male,No,Non-Travel,Sales,Account Manager,Computer Science,Divorced,26,3,1,3,80,299,79,6497,3559,3,1,1,2,Y,No,25,4,1,0,6,2,2,5,4,2,3
993,46,Male,No,Travel_Rarely,Engineering,Software Engineer,Information Technology,Divorced,13,1,1,4,80,711,56,7379,8322,4,2,2,4,Y,No,13,3,2,1,23,2,2,22,5,20,0
31,35,Female,No,Travel_Rarely,Data & Analytics,Bi Analyst,Statistics,Single,11,3,1,4,80,884,52,24424,3326,4,2,3,2,Y,No,24,3,1,0,15,2,3,12,6,7,12
243,37,Female,No,Travel_Rarely,Data & Analytics,Bi Analyst,Data Science,Married,17,2,1,1,80,449,45,9149,3737,2,2,4,6,Y,No,17,3,4,0,14,5,2,7,1,3,1
976,41,Female,No,Travel_Rarely,Engineering,Engineering Manager,Computer Science,Married,20,3,1,1,80,834,72,3211,9868,3,3,3,0,Y,Yes,12,3,1,2,24,2,2,7,4,6,2
642,25,Female,No,Travel_Rarely,Sales,Sales Manager,Computer Science,Married,23,4,1,2,80,986,53,2291,20410,2,4,1,9,Y,No,25,3,2,1,5,1,3,3,1,2,2
697,45,Female,No,Travel_Frequently,Sales,Account Manager,Other,Married,3,1,1,4,80,1451,82,24149,5010,4,2,4,8,Y,Yes,20,4,3,0,29,2,3,10,2,5,10
210,41,Male,No,Travel_Rarely,Engineering,Devops Engineer,Computer Science,Married,16,3,1,3,80,1132,45,18470,4430,2,2,2,2,Y,No,19,3,3,0,21,1,3,11,1,5,8
1209,38,Male,No,Travel_Rarely,Engineering,Software Engineer,Information Technology,Married,3,1,1,3,80,969,51,17076,5765,1,2,2,4,Y,No,21,3,3,0,16,3,2,7,5,1,3
753,43,Male,Yes,Travel_Rarely,Product,Product Manager,Information Technology,Married,15,4,1,3,80,1385,61,2099,4575,4,1,1,0,Y,No,25,3,3,0,24,3,0,9,3,4,9
1292,36,Female,No,Travel_Rarely,Human Resources,Talent Acquisition Specialist,Other,Divorced,8,5,1,3,80,1431,88,18876,9947,4,3,2,3,Y,No,15,3,4,0,17,3,3,3,0,2,1
436,23,Female,No,Non-Travel,Engineering,Engineering Manager,Other,Single,29,4,1,2,80,650,69,10170,2839,4,1,4,2,Y,Yes,15,3,2,1,0,1,3,0,0,0,0
1299,32,Male,No,Travel_Frequently,Engineering,Software Engineer,Computer Science,Married,29,3,1,4,80,1361,42,18255,3648,1,1,1,8,Y,Yes,13,3,4,1,15,2,3,5,4,2,2
1387,39,Male,Yes,Travel_Rarely,Product,Ux Designer,Business Administration,Married,10,2,1,3,80,927,78,9117,6333,4,2,2,0,Y,Yes,25,4,1,1,17,1,3,0,0,0,0
1085,44,Male,No,Travel_Rarely,Engineering,Engineering Manager,Electrical Engineering,Divorced,7,3,1,1,80,628,87,11434,6578,3,2,2,5,Y,Yes,25,3,2,0,27,2,3,5,3,5,5
1352,30,Male,No,Travel_Rarely,Marketing,Content Strategist,Other,Single,3,4,1,4,80,585,72,6176,5836,4,2,4,6,Y,No,23,3,2,1,14,3,2,13,10,1,10
689,38,Male,No,Non-Travel,Engineering,Engineering Manager,Other,Divorced,3,3,1,3,80,713,31,19031,3828,4,1,4,6,Y,No,22,4,4,1,15,1,1,14,3,3,14
552,38,Male,No,Non-Travel,Product,Product Analyst,Information Technology,Married,9,3,1,4,80,458,65,13815,7270,3,2,1,3,Y,No,15,3,4,0,20,2,3,19,8,18,1
545,35,Female,No,Travel_Rarely,Product,Product Analyst,Business Administration,Divorced,26,1,1,4,80,1001,77,4343,12540,2,3,2,3,Y,No,11,3,3,1,15,2,3,6,0,1,3
1035,33,Female,No,Travel_Rarely,Engineering,Software Engineer,Other,Married,27,3,1,3,80,885,73,7978,6522,4,2,3,5,Y,No,12,3,2,1,15,2,2,9,7,1,0
1042,36,Male,Yes,Travel_Rarely,Data & Analytics,Data Engineer,Computer Science,Single,28,4,1,2,80,704,94,26459,3794,4,2,4,6,Y,No,19,3,4,0,15,4,2,1,0,0,0
1022,26,Male,Yes,Non-Travel,Engineering,Qa Engineer,Computer Science,Single,11,2,1,2,80,1210,58,26938,3040,4,1,2,8,Y,No,16,3,2,1,7,5,2,0,0,0,0
973,35,Unknown,No,Travel_Rarely,Sales,Sales Manager,Marketing,Divorced,28,2,1,1,80,828.5,51,20233,8213,4,2,2,0,Y,Yes,25,3,1,0,16,4,1,3,1,1,2
404,24,Male,No,Travel_Rarely,Marketing,Digital Marketing Manager,Other,Divorced,28,3,1,1,80,1088,64,15004,9961,2,3,1,2,Y,No,14,3,2,0,3,5,3,2,1,1,0
1462,34,Male,No,Travel_Frequently,Engineering,Engineering Manager,Software Engineering,Married,20,4,1,1,80,439,50,25878,13353,2,5,1,1,Y,No,25,4,4,0,14,1,3,1,1,1,1
363,42,Female,No,Non-Travel,Customer Support,Technical Support Engineer,Unknown,Divorced,22,1,1,3,80,1062,82,3732,4605,1,1,3,8,Y,No,14,3,4,1,22,1,3,11,4,1,1
272,32,Male,No,Travel_Frequently,Sales,Account Manager,Marketing,Married,29,5,1,1,80,602,98,16781,10323,1,3,4,2,Y,No,16,3,3,1,11,2,0,9,4,7,4
467,46,Female,No,Travel_Rarely,Engineering,Qa Engineer,Computer Science,Married,27,3,1,0,80,933,93,14154,6717,1,2,3,7,Y,Yes,18,3,3,2,28,3,2,0,0,0,0
1323,30,Male,No,Travel_Rarely,Engineering,Devops Engineer,Software Engineering,Single,1,1,1,3,80,305,68,18922,4224,1,1,4,3,Y,No,15,3,3,0,10,5,3,7,2,7,7
1091,43,Male,No,Travel_Rarely,Product,Product Manager,Information Technology,Divorced,20,4,1,2,80,317,70,2601,5002,1,1,2,2,Y,No,14,3,3,1,27,6,3,16,11,9,6
278,32,Male,No,Travel_Rarely,Engineering,Qa Engineer,Computer Science,Divorced,5,3,1,4,80,808,34,2252,13033,2,4,3,8,Y,Yes,18,3,3,1,8,4,2,2,2,0,2
1321,44,Male,No,Travel_Frequently,Data & Analytics,Data Engineer,Statistics,Married,6,3,1,3,80,185,53,7885,4279,4,1,3,9,Y,Yes,25,4,4,3,23,2,3,0,0,0,0
1405,43,Male,Yes,Travel_Frequently,Engineering,Senior Software Engineer,Software Engineering,Single,8,3,1,2,80,487,97,18304,3515,3,2,4,9,Y,No,18,3,4,2,22,4,2,8,4,4,3
1438,38,Female,No,Travel_Rarely,Customer Support,Support Team Lead,Other,Married,15,3,1,4,80,1029,57,2429,14640,2,3,4,1,Y,No,16,3,1,1,18,4,3,15,4,14,15
442,28,Female,No,Travel_Rarely,Sales,Sales Manager,Business Administration,Single,15,3,1,2,80,546,78,2031,5403,2,2,1,7,Y,No,23,3,3,1,6,6,3,2,2,2,0
1212,42,Male,No,Travel_Rarely,Product,Ux Designer,Information Technology,Married,18,2,1,3,80,1332,56,3015,4453,3,1,2,0,Y,No,17,3,2,0,20,4,3,1,1,1,0
787,29,Male,Yes,Travel_Frequently,Engineering,Engineering Manager,Computer Science,Single,19,3,1,1,80,677,53,6830,22815,4,5,2,0,Y,No,17,3,1,0,7,3,3,1,0,0,1
1141,41,Male,No,Travel_Rarely,Sales,Sales Executive,Business Administration,Married,19,2,1,4,80,1409,71,21741,6873,4,2,3,0,Y,No,14,3,4,2,22,5,2,21,2,14,16
443,32,Female,No,Travel_Rarely,Customer Support,Customer Support Specialist,Information Technology,Married,11,2,1,3,80,1065,82,22004,20613,1,5,3,3,Y,No,14,3,3,0,15,1,3,8,5,8,3
300,32,Female,No,Travel_Rarely,Marketing,Marketing Specialist,Business Administration,Married,17,3,1,3,80,135,97,6752,2046,2,1,2,6,Y,Unknown,16,4,2,1,15,0,3,8,3,1,6
921,46,Female,No,Travel_Rarely,Product,Ux Designer,Information Technology,Single,24,5,1,2,80,1142,80,3992,6737,2,2,1,4,Y,Yes,23,3,3,0,23,2,3,3,2,1,1
376,43,Male,No,Travel_Frequently,It Operations,System Administrator,Other,Married,19,4,1,2,80,1094,45,16284,4576,3,2,4,3,Y,Yes,22,3,3,2,22,2,2,16,11,5,10
1003,29,Female,No,Travel_Frequently,Sales,Account Manager,Other,Married,12,3,1,1,80,1262,42,18697,5202,4,2,1,2,Y,No,22,3,4,0,11,2,3,11,3,8,4
1165,52,Female,No,Travel_Frequently,Marketing,Digital Marketing Manager,Business Administration,Single,10,3,1,3,80,749,96,25180,7040,2,2,3,0,Y,No,20,4,1,1,34,4,3,12,3,7,9
914,28,Male,Yes,Non-Travel,Sales,Account Manager,Unknown,Single,20,3,1,1,80,809,71,12025,3470,3,1,2,4,Y,No,12,3,2,2,9,4,0,4,3,2,4
968,38,Female,No,Travel_Rarely,Human Resources,Talent Acquisition Specialist,Human Resources,Married,14,3,1,4,80,1393,60,23927,2270,4,2,4,3,Y,No,12,4,3,0,22,2,3,6,5,0,2
473,39,Male,Yes,Travel_Rarely,Sales,Account Manager,Computer Science,Married,18,3,1,4,80,640,45,6632,7562,1,3,2,9,Y,Yes,24,3,3,2,18,4,3,9,6,9,3
863,20,Male,No,Travel_Rarely,Data & Analytics,Data Analyst,Statistics,Single,9,4,1,4,80,1371,41,6984,12757,3,3,3,9,Y,No,18,3,1,0,2,2,3,2,0,0,1
564,37,Male,No,Non-Travel,Sales,Sales Executive,Computer Science,Single,15,4,1,2,80,319,91,9182,13371,4,4,3,7,Y,Unknown,15,3,2,3,19,3,3,10,1,5,4
1344,36,Female,No,Travel_Rarely,Data & Analytics,Data Engineer,Statistics,Divorced,11,1,1,4,80,1386,30,26489,7273,3,2,3,0,Y,No,21,4,1,1,17,3,3,17,4,16,14
751,23,Male,No,Travel_Rarely,Sales,Account Manager,Other,Married,17,1,1,4,80,1125,74,7191,19660,2,5,3,4,Y,No,11,3,4,0,4,5,3,2,0,2,1
389,35,Male,No,Travel_Rarely,Engineering,Software Engineer,Computer Science,Divorced,6,4,1,1,80,368,40,26413,6524,2,2,3,7,Y,Yes,14,3,3,3,16,2,3,13,3,8,10
23,34,Female,Yes,Travel_Frequently,Marketing,Digital Marketing Manager,Other,Married,15,3,1,1,80,200,90,3398,25000,2,5,3,3,Y,Yes,23,3,2,0,16,3,2,4,1,2,4
880,30,Male,No,Travel_Frequently,Data & Analytics,Data Scientist,Computer Science,Divorced,29,2,1,4,80,1270,72,4687,8022,3,2,1,9,Y,Yes,21,3,4,1,9,4,2,8,3,0,5
125,29,Male,No,Travel_Rarely,It Operations,It Manager,Electrical Engineering,Married,16,2,1,3,80,1161,77,13569,7203,2,2,2,4,Y,No,16,3,3,2,7,2,1,5,0,1,5
424,32,Male,No,Travel_Rarely,Engineering,Devops Engineer,Information Technology,Married,7,4,1,4,80,167,89,7005,2364,3,1,3,5,Y,No,24,3,1,1,12,1,3,0,0,0,0
774,48,Female,Yes,Travel_Rarely,Sales,Sales Manager,Computer Science,Single,24,3,1,3,80,1360,44,12864,7318,1,3,2,8,Y,No,25,3,1,2,32,3,4,7,6,6,4
1331,39,Male,Yes,Travel_Rarely,Customer Support,Support Team Lead,Business Administration,Single,24,3,1,3,80,1207,76,2139,7324,2,3,2,4,Y,No,25,3,1,1,20,2,3,4,1,4,0
471,44,Female,No,Non-Travel,It Operations,It Support Engineer,Electrical Engineering,Married,10,4,1,4,80,264,65,17366,10189,2,3,3,1,Y,No,20,3,1,0,24,1,2,10,5,5,8
722,33,Female,No,Travel_Frequently,Data & Analytics,Data Scientist,Data Science,Married,28,4,1,2,80,140,38,13276,4911,2,1,3,6,Y,No,17,3,3,0,13,3,0,11,7,2,4
1386,33,Male,No,Travel_Frequently,Engineering,Devops Engineer,Electrical Engineering,Married,9,4,1,4,80,1170,53,22317,2084,3,1,2,0,Y,No,13,3,1,1,17,2,2,9,0,0,9
1195,24,Male,Yes,Travel_Rarely,Sales,Sales Executive,Business Administration,Single,2,2,1,1,80,1497,63,18280,3232,3,1,3,3,Y,No,18,3,2,1,2,2,1,1,0,0,0
143,38,Female,No,Travel_Rarely,Engineering,Qa Engineer,Information Technology,Single,23,3,1,2,80,1334,68,9498,2460,3,1,4,9,Y,No,15,3,2,1,20,2,4,18,17,10,13
51,39,Male,No,Travel_Frequently,Product,Ux Designer,Information Technology,Married,5,4,1,4,80,474,40,14281,14568,2,4,1,8,Y,No,19,3,2,0,18,0,2,6,1,5,5
1382,20,Male,No,Travel_Rarely,Data & Analytics,Data Analyst,Data Science,Married,25,4,1,0,80,484,57,4853,4144,2,1,2,0,Y,No,14,3,2,1,0,2,2,0,0,0,0
1115,29,Female,Yes,Travel_Rarely,Human Resources,Hr Manager,Business Administration,Married,25,4,1,1,80,817,88,26802,6296,3,3,1,2,Y,Yes,19,3,2,1,12,2,3,3,3,0,3
624,36,Male,Yes,Travel_Frequently,Human Resources,Hr Executive,Business Administration,Single,7,4,1,4,80,978,94,16954,16743,1,4,4,9,Y,Yes,25,3,1,3,15,1,3,3,0,1,0
1078,20,Male,No,Travel_Rarely,Engineering,Qa Engineer,Other,Married,11,4,1,4,80,282,30,21052,15672,4,4,1,2,Y,No,21,3,3,0,4,2,3,2,2,1,1
82,30,Male,No,Non-Travel,Customer Support,Technical Support Engineer,Business Administration,Married,27,3,1,4,80,1158,64,5910,9498,1,3,3,2,Y,No,23,4,2,0,11,3,2,3,3,0,0
704,50,Male,No,Travel_Rarely,Human Resources,Talent Acquisition Specialist,Human Resources,Married,8,3,1,1,80,426,50,19291,14487,1,3,1,1,Y,No,15,3,4,0,33,2,3,30,3,23,9
483,40,Female,No,Travel_Frequently,Engineering,Engineering Manager,Electrical Engineering,Married,21,3,1,1,80,1353,45,5488,2516,2,1,2,1,Y,Yes,15,4,2,1,18,3,3,6,6,1,2
322,31,Male,Yes,Travel_Rarely,Engineering,Software Engineer,Electrical Engineering,Divorced,1,3,1,1,80,385,33,13464,7021,4,2,4,9,Y,Yes,21,3,4,3,11,2,3,0,0,0,0
1237,37,Male,No,Travel_Rarely,It Operations,It Support Engineer,Computer Science,Single,18,3,1,2,80,549,64,25611,3681,2,1,2,8,Y,Yes,24,3,4,1,19,2,4,10,8,7,8
506,29,Male,No,Travel_Rarely,Data & Analytics,Bi Analyst,Information Technology,Single,25,3,1,1,80,479,51,22664,6562,1,2,4,8,Y,Yes,25,3,2,3,9,2,3,3,1,1,0
1408,53,Unknown,No,Travel_Rarely,Data & Analytics,Data Scientist,Computer Science,Divorced,16,2,1,3,80,1189,36,4118,4068,3,1,2,8,Y,Yes,19,3,3,0,35,5,2,34,5,7,4
67,37,Female,No,Travel_Rarely,Product,Product Manager,Other,Married,11,3,1,3,80,623,73,5278,19859,3,4,2,7,Y,Yes,12,4,3,0,16,2,4,7,4,1,4
1048,36,Male,No,Travel_Rarely,Sales,Account Manager,Computer Science,Unknown,11,2,1,2,80,314,30,17516,4321,2,1,4,9,Y,No,18,3,2,1,17,6,3,17,8,0,11
1312,20,Male,No,Travel_Rarely,Customer Support,Customer Support Specialist,Computer Science,Married,6,4,1,1,80,1130,70,20374,3336,4,1,2,1,Y,No,17,3,2,1,3,5,3,2,2,0,2
802,25,Female,No,Travel_Rarely,Sales,Sales Manager,Business Administration,Married,7,4,1,2,80,309,40,3923,4545,2,2,2,6,Y,Yes,17,3,1,0,7,2,3,3,1,0,1
834,33,Female,No,Non-Travel,Engineering,Software Engineer,Computer Science,Single,16,3,1,4,80,943,83,10179,17322,4,4,1,8,Y,Yes,23,3,2,1,10,3,3,9,5,8,1
32,32,Male,No,Travel_Rarely,Human Resources,Talent Acquisition Specialist,Business Administration,Single,8,3,1,1,80,339,69,21689,5105,2,2,4,9,Y,Yes,15,3,4,0,10,5,3,7,2,6,5
796,36,Female,No,Travel_Rarely,Engineering,Software Engineer,Software Engineering,Divorced,20,3,1,4,80,607,51,26149,6286,2,2,2,3,Y,No,14,3,2,3,15,1,3,0,0,0,0
418,28,Male,Yes,Travel_Rarely,Sales,Sales Executive,Business Administration,Married,1,4,1,4,80,836,95,22184,2695,2,1,2,2,Y,No,23,3,4,1,8,1,4,5,1,2,0
633,34,Female,Yes,Travel_Rarely,Sales,Sales Executive,Marketing,Married,27,4,1,1,80,537,87,21663,3406,3,1,1,2,Y,Yes,20,3,2,0,12,4,1,10,9,3,8
1065,40,Female,Yes,Travel_Rarely,Sales,Sales Executive,Business Administration,Divorced,15,5,1,4,80,714,78,19829,7683,2,2,1,5,Y,No,22,3,1,0,22,2,3,3,2,1,0
65,41,Male,No,Travel_Rarely,Engineering,Senior Software Engineer,Electrical Engineering,Divorced,6,3,1,1,80,326,60,18329,16987,4,5,1,3,Y,No,23,3,3,0,18,2,2,10,4,2,6
140,48,Female,Yes,Travel_Frequently,Engineering,Qa Engineer,Information Technology,Single,2,5,1,3,80,610,78,20453,6932,4,2,4,3,Y,Yes,11,3,2,0,31,1,3,17,17,8,12
1195,24,Male,Yes,Travel_Rarely,Sales,Sales Executive,Business Administration,Single,2,2,1,0,80,1497,63,18280,3232,3,1,3,3,Y,No,18,3,2,1,2,2,1,1,0,0,0
1189,34,Male,No,Travel_Rarely,Customer Support,Customer Support Specialist,Other,Single,20,3,1,3,80,1214,73,14031,3676,3,1,2,2,Y,Yes,21,4,3,2,14,4,2,9,5,9,6
78,32,Female,No,Travel_Rarely,Engineering,Devops Engineer,Other,Married,27,3,1,1,80,336,50,22697,13452,1,4,2,6,Y,No,14,3,1,0,12,1,4,3,3,0,3
492,31,Female,No,Travel_Rarely,Engineering,Software Engineer,Electrical Engineering,Single,7,4,1,2,80,671,70,2258,7804,3,2,2,5,Y,Yes,12,3,3,0,11,1,3,2,2,1,1
1047,44,Female,No,Travel_Rarely,Product,Ux Designer,Information Technology,Divorced,19,4,1,2,80,1098,82,19202,6666,2,2,4,6,Y,Yes,21,3,3,2,22,6,3,13,5,1,11
1126,24,Male,No,Travel_Rarely,Engineering,Software Engineer,Other,Divorced,29,4,1,3,80,599,63,23073,3957,1,1,4,6,Y,No,15,3,2,3,4,1,2,0,0,0,0
533,23,Female,Yes,Travel_Frequently,Engineering,Senior Software Engineer,Unknown,Married,29,4,1,4,80,1317,35,9492,5177,1,2,1,8,Y,No,20,3,2,2,6,2,3,6,3,6,1
66,28,Female,No,Travel_Rarely,Data & Analytics,Data Scientist,Information Technology,Married,1,3,1,0,80,495,63,13725,3231,3,1,3,9,Y,No,21,3,3,1,10,4,3,7,4,0,4
1427,20,Male,Yes,Non-Travel,Engineering,Qa Engineer,Software Engineering,Single,16,4,1,1,80,552,81,19105,2659,1,1,3,7,Y,No,13,3,3,0,0,6,3,0,0,0,0
889,44,Female,Yes,Travel_Rarely,Data & Analytics,Data Engineer,Information Technology,Divorced,16,2,1,1,80,693,88,17363,4127,2,1,2,0,Y,No,18,4,1,0,27,4,0,20,1,1,4
1422,25,Male,No,Non-Travel,Engineering,Software Engineer,Computer Science,Married,3,3,1,3,80,526,47,5620,7557,1,3,2,1,Y,Yes,25,3,3,2,6,4,3,0,0,0,0
297,30,Male,No,Travel_Rarely,Product,Product Manager,Business Administration,Divorced,21,2,1,2,80,479,31,12919,3641,2,1,4,1,Y,Yes,22,4,1,2,12,2,3,1,1,1,0
592,39,Female,Yes,Travel_Frequently,Data & Analytics,Data Engineer,Computer Science,Married,4,3,1,0,80,1290,47,20438,4910,3,2,1,2,Y,No,21,3,4,1,19,2,3,13,2,1,11
420,34,Female,No,Travel_Rarely,Engineering,Software Engineer,Electrical Engineering,Married,15,2,1,1,80,756,39,18863,3088,4,1,3,5,Y,No,19,3,4,2,17,1,2,6,1,4,1
768,20,Male,Yes,Travel_Rarely,Marketing,Marketing Specialist,Marketing,Divorced,8,4,1,4,80,1196,48,9288,7406,2,3,3,4,Y,No,12,3,4,1,0,2,2,0,0,0,0
439,35,Male,No,Travel_Rarely,Product,Product Analyst,Computer Science,Married,20,4,1,3,80,616,71,2298,4829,3,1,4,2,Y,No,25,4,3,0,11,2,3,1,1,0,0
262,42,Male,No,Travel_Rarely,Sales,Sales Manager,Business Administration,Single,16,4,1,2,80,1371,54,11209,3908,4,1,1,6,Y,No,14,3,3,1,24,1,3,6,1,0,3
1124,36,Male,No,Travel_Rarely,Marketing,Content Strategist,Marketing,Divorced,21,4,1,2,80,104,58,5311,9377,1,4,2,5,Y,Yes,21,3,3,1,19,4,1,14,4,5,14
725,40,Male,Yes,Travel_Rarely,Engineering,Devops Engineer,Other,Single,9,3,1,2,80,449,67,17296,4590,3,1,4,1,Y,No,12,3,2,0,24,2,3,8,6,6,4
1371,35,Female,No,Travel_Rarely,Engineering,Software Engineer,Software Engineering,Married,15,3,1,2,80,782,61,10970,20582,1,4,4,4,Y,No,17,3,4,0,13,2,4,9,9,3,3
282,29,Female,No,Travel_Frequently,Human Resources,Unknown,Human Resources,Married,7,1,1,3,80,396,59,5251,3066,2,1,2,1,Y,Yes,11,3,4,0,9,2,3,1,1,1,1
627,29,Female,No,Travel_Rarely,Product,Product Manager,Business Administration,Married,25,3,1,4,80,983,44,10404,7845,4,2,3,9,Y,No,19,4,4,1,6,3,4,2,2,2,1
998,40,Female,No,Travel_Frequently,Customer Support,Technical Support Engineer,Computer Science,Married,8,5,1,4,80,778,40,25769,5274,4,2,3,5,Y,Yes,24,3,3,1,21,2,3,3,0,1,0
1045,34,Male,No,Travel_Rarely,It Operations,System Administrator,Computer Science,Single,8,1,1,3,80,1209,51,21923,10727,2,3,1,6,Y,No,19,3,1,1,15,3,4,3,0,0,2
1434,31,Female,No,Travel_Rarely,Human Resources,Talent Acquisition Specialist,Human Resources,Single,7,4,1,0,80,1006,65,9469,5731,4,2,3,7,Y,Yes,20,3,3,1,12,5,2,10,2,7,0
189,37,Male,Yes,Non-Travel,Engineering,Senior Software Engineer,Other,Single,2,4,1,1,80,925,66,21055,2622,2,1,1,2,Y,No,23,3,3,1,19,2,3,18,11,3,1
1193,32,Male,No,Non-Travel,Engineering,Software Engineer,Information Technology,Married,5,3,1,4,80,1092,98,2572,4996,2,3,2,1,Y,Yes,19,3,1,1,15,2,3,9,7,4,9
252,37,Female,No,Travel_Rarely,Engineering,Software Engineer,Other,Married,26,2,1,2,80,1334,83,21365,16541,4,5,2,6,Y,No,20,3,2,2,17,3,2,5,0,1,0
584,20,Female,No,Travel_Rarely,Engineering,Qa Engineer,Other,Married,6,5,1,4,80,1315,99,26180,2551,2,1,3,9,Y,Yes,19,3,2,0,0,2,1,0,0,0,0
1027,33,Male,No,Travel_Rarely,Sales,Sales Manager,Computer Science,Single,11,3,1,1,80,643,42,17627,7742,4,2,4,5,Y,Yes,20,4,3,1,11,4,3,8,8,6,3
1341,35,Male,No,Non-Travel,Product,Product Manager,Computer Science,Married,10,4,1,3,80,1046,81,10541,17490,4,5,1,1,Y,No,13,3,4,1,14,2,3,13,4,11,5
946,25,Male,No,Travel_Rarely,Engineering,Devops Engineer,Information Technology,Married,21,4,1,2,80,282,92,9537,3850,1,1,1,9,Y,No,13,3,1,1,6,2,3,4,2,2,0
515,40,Female,Yes,Travel_Rarely,Engineering,Engineering Manager,Other,Married,25,3,1,3,80,751,80,23743,7776,1,3,1,8,Y,Yes,13,4,1,0,24,1,3,2,1,1,2
1057,35,Male,No,Travel_Rarely,Product,Product Manager,Other,Married,9,2,1,1,80,1344,86,20159,2953,4,1,2,1,Y,No,16,3,2,1,18,2,3,14,10,9,7
1063,40,Male,Yes,Travel_Frequently,Marketing,Marketing Specialist,Marketing,Single,29,4,1,0,80,158,58,19677,16036,3,4,2,0,Y,Yes,19,3,2,3,18,3,3,5,4,2,5
1401,40,Male,No,Travel_Rarely,Engineering,Qa Engineer,Information Technology,Single,10,3,1,2,80,206,83,5016,7907,2,2,4,4,Y,Yes,13,3,3,1,19,5,3,6,6,3,6
707,34,Male,No,Travel_Rarely,Engineering,Qa Engineer,Other,Divorced,18,5,1,3,80,312,38,19750,5873,4,2,3,4,Y,Yes,21,4,4,2,14,5,3,1,0,0,0
488,26,Male,No,Travel_Rarely,Customer Support,Support Team Lead,Computer Science,Married,2,2,1,3,80,319,94,15191,4773,1,2,4,2,Y,No,17,4,3,2,3,1,3,1,0,1,1
664,25,Male,Yes,Travel_Rarely,Human Resources,Talent Acquisition Specialist,Business Administration,Divorced,27,5,1,1,80,685,52,9674,3973,1,2,2,7,Y,Yes,15,3,4,1,3,4,3,3,2,0,0
1125,39,Male,No,Travel_Rarely,Human Resources,Hr Manager,Business Administration,Unknown,18,3,1,1,80,855,43,2731,15244,3,4,4,5,Y,No,17,3,2,1,18,4,3,16,9,10,8
1133,36,Male,No,Travel_Rarely,Sales,Account Manager,Business Administration,Single,21,2,1,3,80,941,34,13103,4929,1,2,3,3,Y,No,24,3,1,2,17,3,3,15,1,2,8
274,47,Male,Yes,Travel_Frequently,Sales,Sales Manager,Marketing,Married,7,3,1,4,80,304,69,3167,4196,2,1,1,9,Y,No,18,3,2,1,26,5,3,14,6,6,6
686,24,Female,No,Travel_Frequently,Marketing,Content Strategist,Marketing,Married,18,2,1,2,80,995,68,20529,3993,4,1,3,3,Y,No,20,3,2,1,4,1,3,4,1,2,1
1233,20,Male,No,Travel_Rarely,Sales,Account Manager,Marketing,Single,27,3,1,2,80,1095,75,12220,6766,1,2,4,1,Y,No,24,3,1,0,1,3,3,1,0,0,1
878,39,Male,No,Travel_Rarely,Data & Analytics,Bi Analyst,Statistics,Divorced,20,2,1,1,80,1137,44,24504,10026,1,3,4,2,Y,No,25,3,3,1,21,3,3,2,1,2,2
1445,31,Male,Yes,Travel_Rarely,Engineering,Software Engineer,Other,Divorced,14,2,1,4,80,108,75,6448,11645,4,3,1,9,Y,Yes,15,3,3,1,7,6,2,5,3,4,2
1336,25,Female,Yes,Travel_Rarely,Engineering,Senior Software Engineer,Other,Married,7,5,1,2,80,1257,79,19821,5671,2,2,2,7,Y,Yes,11,3,3,2,9,2,3,4,2,2,0
449,44,Female,No,Travel_Rarely,Data & Analytics,Data Analyst,Data Science,Married,15,3,1,3,80,124,69,12434,5769,1,2,3,0,Y,No,13,3,3,1,27,4,1,7,0,2,6
412,37,Female,Yes,Travel_Rarely,Marketing,Content Strategist,Marketing,Divorced,17,4,1,1,80,1498,31,15894,12133,1,3,4,5,Y,No,13,3,2,1,13,5,3,1,1,0,1
459,33,Male,No,Travel_Rarely,Engineering,Qa Engineer,Computer Science,Divorced,16,3,1,2,80,176,51,24949,3544,2,1,3,9,Y,Yes,19,4,4,2,14,1,1,14,3,3,3
377,40,Male,No,Travel_Rarely,Customer Support,Technical Support Engineer,Business Administration,Married,28,4,1,1,80,131,74,18988,10572,1,3,2,4,Y,No,14,3,3,1,21,0,3,20,16,10,8
1295,41,Male,Yes,Non-Travel,Customer Support,Support Team Lead,Business Administration,Married,11,2,1,4,80,214,75,10007,3102,4,1,4,8,Y,Yes,15,3,3,0,17,2,3,9,5,7,4
668,46,Male,No,Travel_Rarely,Engineering,Senior Software Engineer,Unknown,Married,15,4,1,1,80,821.5,82,9843,9498,1,3,3,8,Y,Yes,14,3,2,1,29,4,3,20,6,13,8
1228,39,Male,Yes,Travel_Rarely,Sales,Sales Executive,Computer Science,Single,15,4,1,4,80,1019,91,18184,3183,3,2,1,6,Y,No,21,3,3,0,17,5,3,12,8,1,11
150,43,Male,No,Travel_Rarely,Marketing,Content Strategist,Marketing,Single,16,2,1,2,80,1329,87,3247,4012,2,1,4,4,Y,No,23,3,3,1,24,1,2,21,1,11,18
1232,25,Male,No,Travel_Rarely,Sales,Account Manager,Unknown,Single,19,3,1,4,80,1268,99,14831,25000,3,5,3,0,Y,Yes,25,3,4,3,4,2,3,2,1,0,1
1187,24,Female,No,Travel_Rarely,It Operations,It Support Engineer,Computer Science,Married,4,3,1,4,80,214,70,26628,4192,2,2,4,7,Y,No,19,3,4,0,4,1,2,1,1,0,0
734,37,Male,No,Travel_Rarely,Engineering,Software Engineer,Electrical Engineering,Divorced,22,3,1,2,80,1047,86,11847,6234,4,2,1,6,Y,No,19,4,2,0,14,3,3,5,1,1,0
219,24,Male,Yes,Non-Travel,Engineering,Software Engineer,Software Engineering,Single,19,3,1,4,80,199,41,22230,3521,3,1,2,6,Y,No,15,4,2,0,5,4,3,0,0,0,0
240,44,Male,Yes,Travel_Rarely,Human Resources,Talent Acquisition Specialist,Human Resources,Married,1,3,1,3,80,1146,92,14840,25000,3,5,1,0,Y,No,13,4,1,0,23,1,3,17,9,11,8
1071,40,Female,No,Travel_Rarely,Marketing,Marketing Specialist,Marketing,Single,12,3,1,1,80,984,76,14840,3572,4,1,3,1,Y,No,22,3,2,2,23,4,3,5,5,0,3
868,38,Male,No,Travel_Rarely,Marketing,Digital Marketing Manager,Other,Single,11,3,1,2,80,1191,45,12097,11823,1,3,3,4,Y,No,11,3,3,0,22,1,3,17,7,6,16
726,36,Male,No,Travel_Rarely,Sales,Sales Executive,Business Administration,Married,23,4,1,2,80,1261,98,11995,14005,2,3,4,8,Y,Yes,18,3,2,0,15,2,3,2,2,1,1
193,48,Male,No,Travel_Rarely,Engineering,Software Engineer,Software Engineering,Single,14,4,1,4,80,1381,65,14780,1278,3,1,1,2,Y,No,15,3,3,2,26,2,2,20,6,6,4
793,41,Male,No,Travel_Rarely,Customer Support,Support Team Lead,Computer Science,Divorced,6,1,1,3,80,1396,62,23282,9068,4,3,1,2,Y,No,14,3,2,1,18,4,3,3,2,2,2
192,30,Male,No,Travel_Rarely,Sales,Sales Manager,Computer Science,Single,8,4,1,3,80,1023,92,25269,14068,1,4,2,7,Y,Yes,25,3,2,0,9,2,0,6,3,4,5
1313,26,Male,No,Travel_Frequently,Human Resources,Hr Executive,Unknown,Single,20,4,1,1,80,925,53,25372,3552,1,1,4,0,Y,No,24,3,1,0,4,3,4,0,0,0,0
940,35,Male,No,Travel_Rarely,Engineering,Devops Engineer,Other,Single,15,3,1,1,80,913,39,23833,21683,2,5,2,1,Y,No,20,3,4,1,15,2,4,3,3,2,3
944,43,Female,No,Travel_Frequently,Product,Product Analyst,Information Technology,Single,4,3,1,4,80,982,49,19955,9181,4,2,1,1,Y,No,22,4,3,0,26,3,3,12,10,7,4
645,40,Male,No,Travel_Frequently,Engineering,Senior Software Engineer,Information Technology,Married,25,5,1,2,80,754,80,17911,7820,4,2,1,1,Y,Unknown,18,4,4,2,24,5,3,14,7,10,14
360,34,Male,No,Non-Travel,Customer Support,Unknown,Business Administration,Married,1,3,1,2,80,1400,97,4842,6002,3,2,2,2,Y,No,16,3,4,2,11,1,3,11,9,10,6
1231,29,Female,No,Non-Travel,Sales,Sales Manager,Business Administration,Married,21,3,1,2,80,261,30,9851,3938,3,1,2,9,Y,Yes,14,3,1,1,9,1,3,6,0,4,0
1436,36,Male,No,Travel_Rarely,Product,Product Analyst,Business Administration,Married,12,2,1,4,80,132,69,12298,18702,2,4,2,6,Y,No,11,3,3,1,13,2,3,3,0,3,0
17,29,Female,No,Travel_Rarely,Product,Ux Designer,Information Technology,Married,10,3,1,3,80,306,36,26032,9137,2,3,1,5,Y,No,25,3,3,3,8,4,3,5,1,4,2
334,41,Male,No,Non-Travel,Engineering,Software Engineer,Computer Science,Married,11,3,1,4,80,1249,31,25060,5404,4,2,3,0,Y,No,23,3,2,1,22,3,3,17,11,5,7
1196,44,Male,Yes,Travel_Rarely,Sales,Sales Manager,Marketing,Single,29,1,1,3,80,1138,66,13343,3731,3,2,4,5,Y,Yes,17,3,4,0,22,2,3,14,12,10,8
583,30,Male,No,Non-Travel,Engineering,Engineering Manager,Computer Science,Married,26,2,1,4,80,296,59,17823,6804,3,2,3,5,Y,No,25,3,3,1,11,5,2,4,3,0,0
1406,28,Male,No,Travel_Rarely,Engineering,Devops Engineer,Software Engineering,Married,8,2,1,2,80,798,96,12001,13687,1,5,3,3,Y,No,17,3,3,1,9,1,2,8,0,4,0
1062,40,Male,Yes,Travel_Rarely,Engineering,Software Engineer,Computer Science,Married,16,3,1,0,80,814,45,13846,6199,2,2,4,9,Y,No,22,3,3,1,18,1,3,0,0,0,0
840,40,Female,No,Travel_Rarely,Engineering,Software Engineer,Information Technology,Divorced,8,1,1,2,80,675,73,20942,24178,3,5,4,6,Y,Yes,23,3,1,2,24,4,3,8,1,8,2
628,45,Female,No,Non-Travel,Engineering,Software Engineer,Other,Married,11,3,1,2,80,681,57,14287,9243,2,3,1,2,Y,No,19,4,4,1,25,1,2,9,1,4,3
1376,40,Female,No,Travel_Frequently,Engineering,Engineering Manager,Software Engineering,Married,19,3,1,3,80,756,74,23649,4403,2,1,1,2,Y,No,12,3,4,1,20,2,2,13,7,3,13
324,34,Male,No,Travel_Rarely,Marketing,Digital Marketing Manager,Business Administration,Divorced,13,4,1,4,80,1437,41,6605,4121,4,1,4,8,Y,No,23,4,2,1,15,4,3,12,9,11,4
825,32,Male,No,Travel_Rarely,Engineering,Engineering Manager,Information Technology,Divorced,5,3,1,1,80,108,32,17533,4661,2,1,3,7,Y,No,25,4,4,3,10,2,3,7,0,6,2
1213,25,Male,No,Travel_Rarely,It Operations,It Manager,Information Technology,Married,3,2,1,0,80,875,89,21997,25000,1,5,3,4,Y,No,12,3,2,1,6,2,4,3,3,3,3
632,40,Female,Yes,Travel_Rarely,Engineering,Qa Engineer,Computer Science,Married,13,3,1,4,80,240,97,14840,3255,3,2,2,8,Y,No,11,3,2,0,24,3,3,2,1,2,1
1028,35,Male,No,Travel_Rarely,Engineering,Engineering Manager,Information Technology,Single,13,3,1,1,80,1185,76,26566,4578,3,3,3,0,Y,No,12,4,3,0,16,2,2,11,1,2,0
1166,41,Male,No,Travel_Rarely,Engineering,Engineering Manager,Computer Science,Single,5,2,1,0,80,527,75,13857,3839,2,1,3,2,Y,No,16,3,3,2,22,5,3,2,0,0,1
779,32,Male,No,Travel_Frequently,Data & Analytics,Data Scientist,Statistics,Single,27,4,1,4,80,857,52,15210,4135,2,1,2,5,Y,No,17,3,4,1,14,4,2,12,5,0,8
1029,34,Female,No,Travel_Rarely,Engineering,Devops Engineer,Other,Married,5,3,1,4,80,1207,54,6750,5794.5,2,2,4,0,Y,No,14,3,3,2,14,2,2,14,9,14,10
856,22,Male,No,Travel_Rarely,It Operations,It Manager,Information Technology,Divorced,14,4,1,3,80,519,86,26190,2731,2,1,2,7,Y,No,15,4,1,0,1,4,3,1,0,0,1
438,20,Female,No,Travel_Rarely,Human Resources,Hr Executive,Business Administration,Single,2,3,1,2,80,438,62,13158,6499,1,3,4,1,Y,Yes,22,3,3,1,0,3,1,0,0,0,0
120,25,Female,Yes,Travel_Rarely,It Operations,It Manager,Information Technology,Single,16,2,1,3,80,691,68,26771,3734,2,1,2,5,Y,Yes,18,3,3,1,2,4,2,0,0,0,0
1049,34,Male,No,Travel_Frequently,Engineering,Qa Engineer,Information Technology,Married,29,2,1,3,80,1138,66,7848,25000,4,5,3,2,Y,Yes,16,3,2,0,17,2,3,17,6,10,15
1154,42,Male,No,Travel_Rarely,Customer Support,Support Team Lead,Information Technology,Single,15,3,1,3,80,105,45,7124,14472,3,4,4,3,Y,No,20,3,3,1,22,3,3,0,0,0,0
791,31,Male,Yes,Non-Travel,Data & Analytics,Bi Analyst,Computer Science,Divorced,26,3,1,1,80,379,96,12806,2347,4,1,3,2,Y,Yes,21,3,3,1,11,3,2,4,3,4,2
342,33,Female,No,Non-Travel,Marketing,Marketing Specialist,Business Administration,Divorced,20,4,1,3,80,380,59,13221,16651,3,5,1,3,Y,No,24,3,4,1,12,2,2,10,0,7,10
816,32,Male,Yes,Travel_Rarely,Sales,Account Manager,Other,Single,6,2,1,2,80,417,59,7780,13699,3,3,1,7,Y,No,17,3,3,0,10,2,1,3,0,0,1
3,35,Male,Yes,Travel_Rarely,Product,Product Manager,Other,Single,21,2,1,1,80,742,65,15891,8740,1,3,2,4,Y,No,19,3,3,1,11,4,3,9,7,7,6
230,23,Female,Yes,Travel_Rarely,Product,Product Manager,Business Administration,Married,3,1,1,1,80,772,85,12714,4527,1,2,2,8,Y,No,17,3,1,2,3,5,2,1,0,0,1
1016,33,Male,Yes,Travel_Rarely,Product,Product Analyst,Computer Science,Married,17,3,1,2,80,1273,31,21445,12898,1,3,2,8,Y,No,19,3,3,1,15,3,3,15,13,6,0
1426,30,Male,Yes,Travel_Rarely,Engineering,Senior Software Engineer,Information Technology,Married,5,2,1,4,80,915,96,26045,15379,3,5,4,9,Y,Yes,24,4,4,0,8,1,1,2,2,1,0
77,32,Male,No,Travel_Rarely,Engineering,Qa Engineer,Software Engineering,Married,26,1,1,4,80,843,58,15691,15130,1,5,2,7,Y,No,22,3,1,1,11,3,4,6,6,1,5
1370,33,Male,No,Travel_Rarely,Human Resources,Hr Manager,Business Administration,Single,24,3,1,4,80,838,61,8352,19434,4,4,1,4,Y,No,11,3,4,3,12,3,2,6,5,3,6
1413,25,Male,No,Travel_Rarely,Sales,Sales Manager,Computer Science,Married,17,3,1,1,80,254,97,21485,12419,1,3,4,8,Y,Yes,15,3,1,0,2,1,2,0,0,0,0
1198,33,Male,No,Travel_Rarely,Product,Product Analyst,Computer Science,Divorced,22,3,1,3,80,1019,68,17283,3808,1,2,4,5,Y,Yes,19,3,3,0,13,2,3,12,0,0,5
372,35,Female,Yes,Travel_Rarely,Engineering,Software Engineer,Electrical Engineering,Married,16,2,1,1,80,1017,68,13875,17925,3,5,3,7,Y,No,20,3,3,1,18,2,3,5,5,3,3
181,31,Male,No,Travel_Rarely,Customer Support,Customer Support Specialist,Business Administration,Divorced,22,3,1,4,80,826,52,14234,9906,4,3,3,0,Y,No,15,3,3,0,14,3,3,10,1,10,7
1319,33,Male,Yes,Travel_Frequently,Sales,Sales Executive,Marketing,Single,28,4,1,4,80,408,64,5650,2740,2,2,4,0,Y,No,20,3,1,0,16,2,2,6,4,0,3
1456,20,Male,Yes,Travel_Rarely,Engineering,Software Engineer,Information Technology,Divorced,18,2,1,2,80,1344,38,14804,4053,2,1,1,7,Y,Yes,19,3,2,2,0,1,3,0,0,0,0
942,51,Female,Yes,Travel_Rarely,Engineering,Engineering Manager,Information Technology,Divorced,3,4,1,2,80,1242,38,14739,8574,1,2,1,6,Y,Yes,16,4,1,2,31,4,3,7,7,1,5
578,24,Male,Yes,Travel_Rarely,Engineering,Devops Engineer,Computer Science,Single,7,3,1,2,80,671,87,18461,3787,2,1,4,3,Y,Yes,18,3,3,0,3,4,1,2,1,2,1
820,34,Female,Yes,Travel_Rarely,Product,Product Manager,Information Technology,Single,2,4,1,1,80,648,97,8995,3313,4,1,1,6,Y,Yes,22,3,3,3,12,3,3,7,7,7,1
1086,29,Male,Yes,Non-Travel,Engineering,Qa Engineer,Electrical Engineering,Divorced,8,3,1,3,80,1125,59,5089,4439,1,1,2,1,Y,Yes,21,3,4,0,11,3,2,0,0,0,0
1103,38,Male,No,Travel_Rarely,Engineering,Engineering Manager,Information Technology,Single,23,3,1,2,80,649,53,17635,2559,3,1,2,9,Y,No,16,3,3,0,20,2,3,4,3,2,3
1276,34,Male,Yes,Non-Travel,Human Resources,Hr Executive,Other,Married,10,1,1,4,80,1280,97,3739,5274,1,2,1,6,Y,No,21,3,4,0,12,1,3,1,1,1,0
1267,23,Female,Yes,Travel_Rarely,Product,Product Analyst,Computer Science,Married,29,1,1,3,80,974,55,22950,6046,4,2,4,4,Y,No,16,3,1,1,2,1,3,0,0,0,0
1017,44,Female,No,Travel_Rarely,Marketing,Digital Marketing Manager,Marketing,Married,11,4,1,3,80,484,88,10738,5794.5,1,2,2,0,Y,No,13,3,2,0,22,1,3,14,2,13,2
590,33,Male,No,Travel_Frequently,Engineering,Senior Software Engineer,Computer Science,Married,5,2,1,4,80,279,54,15164,4481,1,2,1,9,Y,No,11,3,2,1,14,2,4,5,4,4,0
887,39,Female,No,Travel_Rarely,Sales,Sales Executive,Business Administration,Married,5,3,1,1,80,1309,70,2396,8537,4,3,1,1,Y,No,20,3,3,1,20,5,2,20,15,10,6
1144,38,Male,Yes,Non-Travel,Engineering,Engineering Manager,Software Engineering,Single,17,2,1,3,80,612,74,9336,15582,2,4,3,8,Y,Yes,15,3,1,1,21,2,2,13,9,7,0
786,31,Male,No,Travel_Rarely,Engineering,Devops Engineer,Other,Married,1,3,1,2,80,1013,56,20547,5898,4,2,1,8,Y,No,22,4,3,3,14,2,2,8,1,5,6
1455,29,Male,No,Travel_Rarely,Engineering,Engineering Manager,Software Engineering,Divorced,10,4,1,3,80,1044,52,21203,7743,1,2,3,5,Y,No,19,3,1,0,5,3,2,5,1,4,5
312,34,Male,Yes,Travel_Rarely,Engineering,Senior Software Engineer,Software Engineering,Single,17,4,1,0,80,1176,93,14398,7499,2,3,2,7,Y,Yes,21,3,2,0,14,2,2,14,4,5,7
1190,25,Male,Yes,Travel_Frequently,Product,Product Manager,Computer Science,Divorced,5,3,1,2,80,1340,81,22585,7075,4,3,3,2,Y,Yes,15,3,2,1,5,3,2,4,1,1,0
302,40,Male,No,Travel_Rarely,Product,Product Manager,Computer Science,Single,3,2,1,3,80,525,54,10118,5077,2,2,3,0,Y,No,15,3,3,1,21,2,3,4,4,4,1
723,31,Female,Yes,Travel_Frequently,Customer Support,Support Team Lead,Information Technology,Married,29,3,1,1,80,1409,84,8896,3527,4,1,3,3,Y,No,19,4,4,1,8,3,3,6,5,6,5
690,43,Female,No,Travel_Frequently,Engineering,Software Engineer,Software Engineering,Single,20,3,1,2,80,1451,72,12773,14366,1,5,4,4,Y,Unknown,21,3,1,2,25,0,3,0,0,0,0
813,33,Male,Yes,Travel_Rarely,Sales,Sales Manager,Business Administration,Single,16,3,1,3,80,1250,83,7738,3425,3,1,3,9,Y,Yes,16,4,3,0,11,5,3,6,3,3,0
38,36,Male,No,Travel_Rarely,Engineering,Devops Engineer,Electrical Engineering,Divorced,27,4,1,2,80,441,44,23474,6261,3,2,4,1,Y,No,16,3,3,1,17,3,3,17,4,3,12
354,38,Female,No,Travel_Rarely,Human Resources,Talent Acquisition Specialist,Business Administration,Married,7,4,1,2,80,791,78,26449,5236,4,2,4,7,Y,No,24,3,4,1,18,3,4,17,13,3,12
1362,31,Male,No,Travel_Rarely,Engineering,Qa Engineer,Electrical Engineering,Divorced,8,4,1,3,80,791,95,8240,4953,1,2,2,2,Y,Yes,14,4,4,0,7,3,3,3,2,3,3
715,43,Male,Yes,Non-Travel,Sales,Sales Executive,Marketing,Married,14,4,1,3,80,160,55,10114,20971,2,5,3,8,Y,Yes,18,3,2,1,21,2,3,16,12,12,11
237,36,Male,No,Non-Travel,Sales,Sales Manager,Other,Married,21,3,1,3,80,364,49,25831,10657,1,3,1,8,Y,No,14,3,1,3,17,3,3,10,9,2,2
1238,42,Female,Yes,Travel_Rarely,Customer Support,Customer Support Specialist,Information Technology,Single,20,4,1,2,80,1347,54,17484,25000,4,5,1,3,Y,Yes,16,3,3,1,19,3,2,16,7,0,5
963,36,Female,No,Travel_Rarely,Data & Analytics,Data Scientist,Information Technology,Single,5,2,1,3,80,877,93,16720,3661,2,1,3,9,Y,No,20,3,3,2,14,6,2,0,0,0,0
1134,35,Male,Yes,Travel_Rarely,Sales,Account Manager,Business Administration,Married,9,3,1,4,80,523,43,6179,4821,4,2,2,7,Y,No,15,3,4,0,15,4,2,11,8,2,9
730,30,Male,No,Travel_Rarely,Sales,Account Manager,Other,Married,21,4,1,1,80,556,31,2377,3186,1,1,2,0,Y,No,20,3,1,0,12,2,3,7,1,0,2
1223,33,Male,Yes,Non-Travel,Engineering,Senior Software Engineer,Electrical Engineering,Single,12,2,1,3,80,941,70,15799,6899,2,2,1,0,Y,No,17,3,3,2,10,2,2,9,8,1,9
986,35,Male,No,Travel_Frequently,Sales,Sales Manager,Marketing,Married,24,4,1,2,80,252,49,5316,5682,4,2,3,0,Y,No,21,3,4,1,15,2,3,12,0,10,12
500,38,Male,Yes,Travel_Rarely,Sales,Account Manager,Marketing,Single,4,4,1,1,80,187,87,23091,2770,2,1,1,8,Y,No,11,4,3,1,20,2,2,4,0,3,2
1225,32,Male,No,Travel_Rarely,Product,Product Analyst,Information Technology,Married,23,3,1,2,80,181,54,19610,3029,2,1,1,5,Y,Yes,19,3,4,2,16,2,3,10,7,10,5
554,24,Female,No,Travel_Rarely,Marketing,Digital Marketing Manager,Other,Married,5,4,1,1,80,1156,70,25235,4606,2,2,1,7,Y,No,20,4,4,0,31,1,3,6,6,1,6
56,33,Male,No,Travel_Rarely,Customer Support,Customer Support Specialist,Other,Single,12,3,1,4,80,1428,36,13710,18323,1,4,4,2,Y,No,19,3,4,1,11,6,3,0,0,0,0
303,45,Male,No,Travel_Rarely,Sales,Account Manager,Other,Divorced,26,4,1,3,80,1213,72,12639,3718,2,1,2,9,Y,No,17,3,4,0,24,1,2,20,15,19,15
795,36,Male,No,Travel_Rarely,Engineering,Devops Engineer,Information Technology,Married,20,3,1,1,80,424,47,4539,3544,1,1,2,4,Y,No,11,3,2,1,17,2,3,9,7,3,9
287,39,Female,Yes,Travel_Rarely,Engineering,Devops Engineer,Computer Science,Married,9,2,1,1,80,728,54,8031,11416,2,3,1,3,Y,Yes,11,3,4,0,19,2,2,18,12,14,4
1131,40,Female,No,Travel_Rarely,Human Resources,Talent Acquisition Specialist,Other,Single,16,3,1,0,80,1244,66,20330,24807,4,5,3,3,Y,No,15,4,4,0,20,6,1,20,4,4,1
220,27,Male,No,Travel_Rarely,Engineering,Engineering Manager,Software Engineering,Unknown,21,2,1,4,80,933,52,18539,6289,2,3,4,2,Y,No,14,3,2,0,6,3,3,3,0,1,3
901,60,Male,No,Travel_Rarely,Engineering,Engineering Manager,Electrical Engineering,Married,5,2,1,2,80,385,87,23980,4787,4,1,1,8,Y,Yes,18,3,1,3,40,3,3,30,21,22,28
991,28,Male,No,Travel_Rarely,Engineering,Devops Engineer,Software Engineering,Married,2,3,1,2,80,1426,77,23830,6845,3,3,2,2,Y,Yes,23,3,4,1,10,2,3,3,0,0,3
1250,28,Female,Yes,Travel_Frequently,Sales,Sales Executive,Business Administration,Married,15,3,1,1,80,194,51,22166,5352,2,1,1,0,Y,Yes,22,3,3,0,11,3,3,4,3,3,4
935,39,Female,No,Travel_Frequently,Engineering,Devops Engineer,Software Engineering,Single,3,4,1,3,80,854,73,7434,10154,1,3,2,6,Y,No,25,3,4,3,16,2,2,8,6,3,2
388,31,Male,No,Travel_Frequently,Marketing,Content Strategist,Other,Married,2,3,1,0,80,805,42,20033,7698,3,2,3,8,Y,Unknown,21,3,3,1,11,1,3,8,8,7,5
305,38,Male,No,Travel_Rarely,Product,Product Manager,Other,Married,28,4,1,3,80,1060,75,16347,3160,4,1,3,7,Y,No,11,4,3,1,17,2,2,17,12,4,7
391,35,Female,Yes,Travel_Rarely,Sales,Sales Executive,Business Administration,Married,16,4,1,2,80,887,51,4993,3008,1,1,1,3,Y,Yes,25,3,2,0,15,5,3,12,2,3,2
1018,55,Male,No,Travel_Rarely,Engineering,Qa Engineer,Other,Single,18,1,1,3,80,198,40,13471,6318,1,2,3,2,Y,No,19,3,2,3,34,4,3,7,5,6,7
353,25,Male,Yes,Travel_Frequently,Marketing,Marketing Specialist,Business Administration,Married,13,2,1,3,80,1107,57,8124,14540,4,3,3,4,Y,Yes,24,4,1,1,8,2,3,0,0,0,0
194,31,Male,No,Travel_Rarely,Engineering,Software Engineer,Electrical Engineering,Married,27,4,1,3,80,1325,82,11287,9524,1,3,3,5,Y,No,13,3,3,0,10,4,2,8,4,8,5
236,34,Male,Yes,Travel_Rarely,Customer Support,Support Team Lead,Computer Science,Divorced,11,4,1,4,80,1002,32,12385,8013,4,3,2,4,Y,No,12,3,4,1,17,4,4,11,7,3,5
1360,22,Male,No,Travel_Rarely,Marketing,Digital Marketing Manager,Other,Married,22,4,1,3,80,761,34,22668,10453,1,3,4,9,Y,No,25,3,1,0,4,1,3,3,3,2,3
695,39,Female,No,Travel_Frequently,Engineering,Devops Engineer,Electrical Engineering,Married,13,3,1,1,80,1105,86,11490,9365,2,3,4,5,Y,Yes,12,3,4,0,21,3,3,13,5,6,8
481,34,Male,No,Travel_Rarely,Product,Product Manager,Information Technology,Married,19,4,1,3,80,330,94,17436,9515,4,3,2,7,Y,No,12,4,3,3,16,5,4,6,6,0,6
568,41,Female,Yes,Travel_Frequently,Engineering,Engineering Manager,Other,Single,15,4,1,1,80,1109,96,6482,8594,3,2,1,9,Y,No,17,3,4,1,22,3,3,14,14,8,1
117,36,Male,Yes,Travel_Frequently,Marketing,Content Strategist,Other,Married,25,3,1,1,80,688,46,6433,23864,2,4,4,1,Y,Yes,23,3,4,1,18,1,3,17,14,0,11
1178,37,Male,Yes,Non-Travel,Engineering,Senior Software Engineer,Software Engineering,Single,24,4,1,1,80,689,78,22121,7064,4,2,2,0,Y,No,16,3,2,1,16,1,3,16,4,1,7
654,30,Male,No,Travel_Frequently,Marketing,Digital Marketing Manager,Other,Single,17,4,1,1,80,737,55,13437,5534,4,1,2,8,Y,No,20,3,2,0,7,1,2,4,1,4,2
1243,32,Female,No,Travel_Rarely,Engineering,Senior Software Engineer,Electrical Engineering,Married,15,3,1,1,80,343,85,10133,12250,3,3,4,6,Y,No,25,4,3,1,16,0,3,14,13,2,14
1439,20,Female,Yes,Travel_Frequently,Customer Support,Technical Support Engineer,Other,Married,21,4,1,1,80,899,51,11976,4448,4,1,1,1,Y,Yes,25,3,1,1,2,2,2,1,1,0,1
758,45,Male,No,Travel_Rarely,Engineering,Engineering Manager,Other,Single,9,4,1,2,80,1139,44,11177,6474,2,2,4,2,Y,No,11,3,3,1,23,5,2,0,0,0,0
445,46,Male,No,Travel_Frequently,Engineering,Software Engineer,Other,Married,13,1,1,1,80,831,45,9809,21060,2,4,1,4,Y,No,15,3,1,3,27,1,1,26,3,14,7
1157,27,Male,No,Non-Travel,Data & Analytics,Data Analyst,Information Technology,Single,15,3,1,0,80,1212,67,2612,5649,2,2,4,4,Y,No,15,3,1,1,5,3,2,0,0,0,0
121,45,Female,No,Travel_Frequently,Sales,Sales Manager,Marketing,Single,29,3,1,4,80,846,42,4327,3897,2,1,4,5,Y,Yes,14,3,1,1,25,1,2,13,3,9,1
1139,33,Male,Yes,Non-Travel,Data & Analytics,Data Analyst,Statistics,Single,2,3,1,2,80,512,53,15229,10595,1,3,1,7,Y,Yes,23,4,3,2,16,2,3,15,10,9,10
1273,20,Male,No,Travel_Rarely,Human Resources,Talent Acquisition Specialist,Other,Married,7,4,1,4,80,358,76,5949,10728,3,3,3,9,Y,No,13,3,2,2,2,2,3,1,0,1,1
1224,39,Male,No,Travel_Frequently,Marketing,Marketing Specialist,Marketing,Single,15,2,1,2,80,989,96,26484,6875,1,2,2,4,Y,No,20,3,3,1,18,2,2,6,3,6,2
63,40,Female,Yes,Travel_Rarely,Human Resources,Hr Manager,Human Resources,Married,28,4,1,2,80,713,79,24473,21210,4,4,2,5,Y,No,22,3,2,0,24,1,3,19,6,10,7
744,43,Male,No,Travel_Frequently,Customer Support,Customer Support Specialist,Other,Married,24,3,1,0,80,687,74,26523,16912,3,4,2,8,Y,Unknown,23,3,2,2,22,3,2,4,1,4,1
1366,37,Male,No,Travel_Rarely,Engineering,Engineering Manager,Other,Married,28,3,1,1,80,695,86,15268,3899,1,1,2,1,Y,No,14,3,2,0,18,0,2,1,1,0,0
454,35,Male,No,Non-Travel,Human Resources,Hr Manager,Business Administration,Married,7,3,1,1,80,619,43,13634,2691,4,1,3,7,Y,No,24,3,3,0,16,5,1,0,0,0,0
1389,33,Female,Yes,Travel_Rarely,Engineering,Senior Software Engineer,Other,Single,23,3,1,2,80,577,80,21217,3367,2,1,3,8,Y,Yes,22,3,3,0,14,3,3,5,3,1,1
927,29,Male,No,Travel_Frequently,Sales,Sales Executive,Unknown,Married,23,3,1,4,80,476,82,8247,9152,4,3,1,7,Y,Yes,18,3,4,1,7,2,3,3,1,3,0
516,34,Female,No,Travel_Frequently,Customer Support,Customer Support Specialist,Other,Single,26,2,1,2,80,195,70,11032,15952,2,5,2,8,Y,No,15,4,4,0,14,1,4,13,0,11,1
571,32,Male,No,Travel_Frequently,Sales,Sales Manager,Business Administration,Married,20,4,1,4,80,319,43,12599,9027,4,3,4,4,Y,No,13,3,1,1,12,2,3,8,6,1,6
224,34,Female,No,Travel_Rarely,Data & Analytics,Data Scientist,Information Technology,Married,28,4,1,4,80,1197,99,14945,4858,2,2,4,8,Y,No,17,4,2,0,14,2,3,6,2,2,0
1261,33,Male,No,Travel_Rarely,Product,Product Analyst,Other,Divorced,1,3,1,1,80,409,57,13566,2518,4,1,2,2,Y,No,21,3,2,0,14,2,3,1,0,1,1
614,30,Female,Yes,Travel_Frequently,Data & Analytics,Data Analyst,Information Technology,Divorced,4,3,1,1,80,460,60,9381,21042,1,5,2,8,Y,Yes,24,3,2,2,7,3,4,1,0,1,1
844,24,Female,Yes,Travel_Rarely,It Operations,Unknown,Other,Divorced,1,4,1,1,80,943,49,2113,20085,1,4,2,8,Y,No,15,3,2,0,5,3,3,1,0,1,0
53,41,Male,Yes,Travel_Rarely,Product,Product Manager,Business Administration,Married,28,4,1,3,80,964,45,23821,2259,2,1,3,9,Y,Yes,18,3,1,2,23,3,3,9,1,8,9
1359,36,Male,No,Travel_Rarely,Engineering,Unknown,Unknown,Married,21,3,1,3,80,824,36,14704,4434,3,2,3,7,Y,Yes,20,3,2,1,15,2,2,14,9,14,1
486,30,Male,Yes,Travel_Rarely,Marketing,Content Strategist,Other,Single,4,4,1,4,80,1320,56,7746,8500,3,2,1,6,Y,No,17,3,1,3,9,1,2,1,0,1,0
1410,33,Male,No,Travel_Frequently,Data & Analytics,Bi Analyst,Data Science,Married,15,3,1,1,80,906,94,24646,2337,3,1,3,9,Y,Yes,20,3,3,0,14,6,2,8,7,3,2
819,20,Male,No,Travel_Rarely,Engineering,Engineering Manager,Other,Married,1,3,1,4,80,999,84,6724,6526,4,2,4,1,Y,No,15,3,3,0,0,2,3,0,0,0,0
156,21,Female,No,Travel_Rarely,Engineering,Senior Software Engineer,Computer Science,Divorced,18,4,1,3,80,525,53,7771,3706,4,1,2,7,Y,No,24,3,1,1,1,2,3,0,0,0,0
601,23,Male,No,Travel_Frequently,Sales,Account Manager,Marketing,Single,17,4,1,4,80,522,68,7206,11762,3,3,2,9,Y,Yes,24,3,1,0,0,1,2,0,0,0,0
1278,48,Female,Yes,Travel_Rarely,Product,Product Manager,Information Technology,Married,27,4,1,2,80,1127,49,19867,14388,2,4,2,4,Y,No,18,4,1,2,30,3,4,17,16,9,2
249,34,Female,No,Travel_Rarely,Engineering,Senior Software Engineer,Computer Science,Married,24,3,1,2,80,1145,81,21572,5567,3,2,1,7,Y,No,17,3,1,1,14,2,2,14,3,10,13
762,37,Male,No,Travel_Rarely,Sales,Sales Manager,Other,Married,33,3,1,3,80,157,58,6939,4339,4,1,1,9,Y,Yes,14,3,1,0,15,3,4,12,6,3,8
1348,41,Male,No,Travel_Rarely,Engineering,Software Engineer,Information Technology,Divorced,13,3,1,3,80,1082,59,5227,3465,3,2,2,2,Y,Unknown,24,3,1,2,20,1,2,9,9,1,0
543,32,Female,No,Travel_Rarely,Human Resources,Unknown,Business Administration,Divorced,6,2,1,2,80,643,45,13543,4483,1,1,1,5,Y,Yes,20,4,4,0,12,3,4,3,2,3,3
794,39,Female,No,Travel_Rarely,Sales,Sales Executive,Computer Science,Single,11,5,1,1,80,982,63,8425,9645,2,3,3,7,Y,No,16,3,1,1,19,4,2,6,6,3,2
1077,22,Female,Yes,Travel_Rarely,Engineering,Devops Engineer,Software Engineering,Single,20,3,1,4,80,656,84,5574,6300,3,2,1,6,Y,Yes,19,3,2,3,0,4,0,0,0,0,0
629,30,Male,No,Travel_Rarely,Customer Support,Technical Support Engineer,Computer Science,Married,24,5,1,2,80,1436,61,25015,2592,3,1,4,2,Y,No,12,3,3,1,7,3,3,5,0,4,1
151,40,Male,No,Travel_Rarely,Marketing,Digital Marketing Manager,Business Administration,Single,16,4,1,3,80,1329,78,23809,11946,3,4,1,3,Y,No,24,3,3,0,22,1,4,2,1,1,0
292,41,Male,No,Travel_Rarely,Sales,Sales Manager,Unknown,Single,23,4,1,1,80,270,94,14246,3627,2,1,3,2,Y,No,21,3,1,0,18,2,3,11,10,7,6
382,35,Male,Yes,Travel_Rarely,Sales,Sales Executive,Other,Single,24,2,1,1,80,557,43,16252,15828,4,4,3,0,Y,Yes,11,3,2,1,16,1,2,13,3,2,0
687,32,Male,No,Travel_Rarely,Data & Analytics,Data Analyst,Computer Science,Divorced,25,3,1,3,80,801,48,21500,3364,1,1,4,4,Y,Yes,22,3,3,2,13,2,3,0,0,0,0
898,37,Male,No,Travel_Rarely,Engineering,Engineering Manager,Computer Science,Married,3,2,1,1,80,321,36,11481,2522,4,1,1,7,Y,No,21,4,4,2,17,3,3,4,4,3,2
855,21,Male,Yes,Travel_Rarely,Human Resources,Talent Acquisition Specialist,Other,Divorced,29,2,1,3,80,520,60,4328,2745,2,1,2,4,Y,No,16,3,1,2,0,3,2,0,0,0,0
450,39,Male,No,Travel_Rarely,Marketing,Digital Marketing Manager,Marketing,Divorced,26,3,1,2,80,821,55,21536,4286,2,1,1,2,Y,Yes,21,3,1,0,21,4,3,16,7,5,12
1128,34,Female,No,Travel_Rarely,Engineering,Qa Engineer,Software Engineering,Single,1,2,1,4,80,1281,60,21333,2773,2,1,4,2,Y,No,25,3,3,0,12,2,3,0,0,0,0
1248,25,Female,No,Travel_Rarely,It Operations,It Manager,Information Technology,Single,5,3,1,1,80,129,85,11045,25000,3,5,4,0,Y,Yes,15,3,2,0,7,2,2,5,5,1,5
892,20,Male,No,Travel_Frequently,Customer Support,Technical Support Engineer,Other,Married,28,3,1,1,80,1344,73,25532,4067,1,1,4,5,Y,No,19,3,2,2,0,2,3,0,0,0,0
1157,27,Male,No,Non-Travel,Data & Analytics,Data Analyst,Information Technology,Single,15,3,1,1,80,1212,67,2612,5649,2,2,4,4,Y,No,15,3,1,1,5,3,2,0,0,0,0
616,28,Female,No,Travel_Rarely,It Operations,It Support Engineer,Information Technology,Married,17,4,1,2,80,968,50,12394,9588,4,3,3,7,Y,No,18,3,1,1,8,3,3,7,5,7,5
155,38,Female,Yes,Travel_Rarely,Sales,Sales Executive,Computer Science,Married,27,4,1,0,80,198,68,17235,24894,3,5,4,7,Y,Unknown,23,3,4,1,15,2,3,15,7,14,14
1470,34,Female,No,Non-Travel,Sales,Sales Executive,Computer Science,Single,17,3,1,2,80,986,72,15697,4305,1,1,3,1,Y,No,15,3,4,0,14,2,2,4,2,0,3
323,35,Male,No,Non-Travel,Sales,Sales Manager,Other,Married,15,4,1,2,80,434,33,9126,15582,1,4,2,5,Y,Yes,16,3,3,0,13,1,2,1,1,1,0
1143,37,Male,No,Travel_Rarely,Human Resources,Hr Executive,Other,Married,9,3,1,2,80,1129,53,9044,4634,1,2,2,6,Y,No,12,3,4,2,17,2,2,17,10,8,8
83,43,Male,No,Travel_Rarely,Customer Support,Customer Support Specialist,Information Technology,Single,27,4,1,1,80,476,32,26013,6883,3,2,1,9,Y,No,15,3,3,1,21,3,3,5,5,2,5
513,35,Female,No,Travel_Rarely,Product,Product Analyst,Other,Divorced,20,4,1,3,80,764,58,5090,5633,1,2,2,5,Y,No,22,3,2,1,14,2,4,9,8,3,4
1127,27,Female,No,Travel_Frequently,Sales,Account Manager,Other,Married,9,1,1,4,80,644,60,25523,4244,3,1,2,3,Y,No,21,3,2,0,8,2,3,3,1,0,3
930,25,Female,Yes,Travel_Rarely,Human Resources,Talent Acquisition Specialist,Business Administration,Single,17,4,1,4,80,870,83,23330,4438,2,1,2,7,Y,No,18,3,3,1,5,2,2,3,1,1,1
1339,31,Female,No,Travel_Rarely,Data & Analytics,Bi Analyst,Statistics,Married,20,4,1,4,80,586,44,23683,3165,2,3,4,7,Y,Yes,21,4,1,0,11,2,3,1,1,1,1
11,34,Male,No,Travel_Rarely,Engineering,Software Engineer,Software Engineering,Married,19,5,1,4,80,1028,37,21619,5794.5,2,2,1,4,Y,No,15,3,2,2,12,3,0,12,9,10,5
832,20,Male,No,Travel_Frequently,Engineering,Senior Software Engineer,Software Engineering,Single,12,2,1,2,80,1055,70,25906,6744,4,2,1,2,Y,No,14,3,4,3,0,1,3,0,0,0,0
33,42,Female,Yes,Travel_Frequently,Data & Analytics,Data Engineer,Statistics,Single,29,2,1,1,80,422,59,9551,3306,2,1,4,2,Y,No,13,3,1,1,24,2,3,1,1,1,0
414,25,Male,Yes,Travel_Rarely,Engineering,Devops Engineer,Information Technology,Married,14,4,1,3,80,667,44,2857,4433,3,2,1,0,Y,Yes,15,3,1,2,7,2,3,0,0,0,0
581,35,Female,No,Travel_Rarely,Data & Analytics,Bi Analyst,Computer Science,Married,19,2,1,1,80,639,75,15862,15582,1,4,2,5,Y,No,14,3,4,0,14,3,3,8,3,5,5
1145,30,Male,No,Travel_Rarely,Engineering,Engineering Manager,Electrical Engineering,Single,25,4,1,4,80,954,80,17540,3919,4,1,3,9,Y,No,12,3,2,0,9,4,3,3,3,0,2
1403,36,Male,No,Travel_Rarely,Engineering,Qa Engineer,Computer Science,Single,9,3,1,4,80,461,94,12667,11020,3,3,2,5,Y,No,24,3,3,1,14,5,2,12,2,2,1
615,20,Male,No,Travel_Rarely,Engineering,Software Engineer,Other,Divorced,1,2,1,1,80,1499,56,15945,22685,4,4,2,0,Y,No,21,3,1,1,0,3,3,0,0,0,0
1046,39,Male,Yes,Travel_Rarely,Engineering,Devops Engineer,Software Engineering,Married,23,3,1,2,80,823,82,19023,4894,3,2,4,9,Y,Yes,24,3,2,1,21,2,1,1,1,1,0
1015,23,Male,Yes,Travel_Rarely,Marketing,Content Strategist,Marketing,Divorced,27,3,1,3,80,668,78,20796,2129,1,1,3,8,Y,No,19,3,1,0,4,3,2,1,1,0,1
90,29,Male,No,Non-Travel,Product,Product Analyst,Computer Science,Married,13,3,1,4,80,1195,88,4428,3827,3,2,1,8,Y,No,25,3,4,2,9,3,2,6,3,5,2
1254,41,Female,No,Travel_Rarely,Customer Support,Support Team Lead,Business Administration,Married,8,3,1,3,80,614,59,12345,13390,4,3,3,9,Y,No,16,3,1,2,19,2,3,9,8,4,9
602,34,Male,Yes,Travel_Rarely,Product,Product Analyst,Information Technology,Divorced,4,1,1,1,80,1030,54,10284,3972,1,1,4,1,Y,No,18,3,2,1,11,1,2,1,1,0,1
134,36,Male,Yes,Non-Travel,Product,Product Manager,Business Administration,Divorced,1,3,1,3,80,989,92,16423,4399,4,1,2,9,Y,No,16,4,2,3,20,2,3,2,2,2,1
556,23,Male,No,Non-Travel,Data & Analytics,Bi Analyst,Statistics,Divorced,10,3,1,2,80,697,44,26984,3937,1,1,2,6,Y,No,13,3,3,1,0,2,2,0,0,0,0
1032,39,Male,No,Travel_Frequently,Data And Analytics,Data Analyst,Statistics,Married,18,1,1,2,80,416,44,15510,3938,2,1,2,2,Y,No,18,4,4,1,17,2,3,3,1,2,2
1158,34,Male,No,Travel_Rarely,Customer Support,Support Team Lead,Computer Science,Divorced,11,4,1,3,80,421,66,23077,19679,3,4,4,8,Y,No,21,3,2,1,10,4,3,5,2,5,4
321,41,Male,No,Travel_Frequently,Sales,Sales Manager,Business Administration,Married,20,3,1,4,80,1370,57,17473,3756,3,2,1,6,Y,Yes,20,3,4,1,18,2,3,10,7,6,10
1303,40,Female,No,Travel_Rarely,Engineering,Engineering Manager,Computer Science,Married,23,3,1,3,80,1069,90,10849,6338,1,2,4,9,Y,No,22,4,3,1,22,1,3,15,14,8,13
1281,34,Male,No,Travel_Rarely,Customer Support,Support Team Lead,Information Technology,Divorced,16,3,1,1,80,920,85,17937,5123,3,2,2,9,Y,No,12,4,1,0,12,3,3,10,3,5,3
635,37,Female,No,Travel_Rarely,Engineering,Qa Engineer,Information Technology,Single,24,3,1,3,80,212,67,12861,4607,1,2,3,7,Y,No,19,3,2,1,17,2,2,4,3,0,3
553,47,Female,No,Travel_Frequently,Sales,Account Manager,Other,Married,5,3,1,1,80,944,50,4351,6946,2,2,2,9,Y,No,22,3,1,1,31,4,3,11,3,0,5
1056,23,Male,No,Travel_Rarely,Engineering,Senior Software Engineer,Information Technology,Married,13,3,1,3,80,1166,88,22264,6042,3,3,3,6,Y,No,12,3,1,1,1,3,3,1,1,1,1
1151,43,Male,No,Travel_Rarely,Engineering,Software Engineer,Electrical Engineering,Single,9,1,1,1,80,1146,58,26230,3367,1,1,2,5,Y,No,21,3,2,3,23,3,3,4,2,0,4
797,23,Female,No,Travel_Frequently,Customer Support,Technical Support Engineer,Other,Married,7,1,1,4,80,593,58,20061,4321,2,1,4,7,Y,No,22,3,3,0,6,5,2,3,3,1,0
1230,35,Female,Yes,Travel_Frequently,Engineering,Devops Engineer,Information Technology,Married,13,3,1,2,80,909,79,15047,3424,1,1,3,3,Y,Yes,24,3,3,2,12,3,3,10,5,4,9
175,25,Male,Yes,Travel_Rarely,Engineering,Software Engineer,Unknown,Married,5,3,1,3,80,302,99,16324,2360,1,1,3,0,Y,No,18,3,1,0,5,2,1,3,0,0,1
767,49,Male,No,Travel_Rarely,Engineering,Engineering Manager,Other,Single,14,2,1,3,80,1141,32,21890,10358,3,3,3,7,Y,No,20,3,2,0,28,3,2,4,3,3,3
246,35,Male,No,Travel_Rarely,Sales,Sales Manager,Other,Single,15,4,1,3,80,697,72,12286,7648,1,2,4,5,Y,No,22,3,3,2,17,2,3,3,2,0,1
1081,22,Female,No,Travel_Rarely,Engineering,Engineering Manager,Unknown,Divorced,24,3,1,2,80,765,53,13159,15582,2,4,2,3,Y,No,21,4,4,3,2,2,3,1,0,0,0
1280,42,Male,No,Travel_Rarely,Engineering,Software Engineer,Information Technology,Married,9,4,1,1,80,1118,82,14758,3048,2,1,3,8,Y,No,20,3,1,0,22,2,3,4,0,2,2
146,38,Male,No,Travel_Frequently,Marketing,Digital Marketing Manager,Other,Divorced,16,1,1,1,80,711,50,15651,4460,4,1,1,9,Y,No,18,3,1,0,17,2,2,1,0,1,1
91,22,Male,No,Non-Travel,Engineering,Devops Engineer,Computer Science,Married,29,1,1,4,80,283,44,2465,25000,2,5,4,1,Y,No,11,4,3,1,6,5,2,3,1,0,1
683,49,Female,No,Travel_Frequently,Sales,Sales Manager,Business Administration,Married,29,4,1,1,80,972,90,19020,8963,3,3,4,6,Y,No,14,3,3,1,29,5,4,11,5,7,10
311,35,Female,No,Non-Travel,Engineering,Senior Software Engineer,Software Engineering,Divorced,13,1,1,2,80,1031,84,4312,4323,3,1,1,3,Y,Yes,14,3,4,0,19,6,3,17,12,9,17
94,22,Male,No,Travel_Rarely,Engineering,Software Engineer,Other,Married,27,3,1,2,80,1472,53,11465,3547,3,1,1,1,Y,No,16,3,1,3,2,5,3,0,0,0,0
1160,33,Female,No,Travel_Rarely,Sales,Sales Manager,Business Administration,Married,17,3,1,1,80,793,33,17109,23816,4,5,4,0,Y,No,23,3,4,0,9,5,3,9,4,3,1
925,33,Male,No,Travel_Rarely,Marketing,Digital Marketing Manager,Other,Married,24,2,1,2,80,300,78,26702,2551,4,1,3,3,Y,No,16,3,3,1,16,2,3,6,0,0,5
1247,36,Female,No,Travel_Rarely,Sales,Sales Executive,Other,Single,7,4,1,2,80,871,80,9015,2715,3,1,1,5,Y,No,17,3,4,0,18,2,3,1,0,1,1
1036,32,Male,Yes,Travel_Rarely,Engineering,Qa Engineer,Other,Divorced,5,3,1,3,80,744,90,24118,4767,3,2,4,2,Y,Yes,22,3,4,0,13,1,3,10,4,10,10
244,34,Female,No,Travel_Rarely,Human Resources,Hr Manager,Business Administration,Divorced,18,3,1,3,80,870,70,3025,4626,3,1,4,0,Y,No,15,4,3,0,11,1,3,1,1,1,1
215,48,Male,No,Travel_Rarely,Engineering,Senior Software Engineer,Software Engineering,Married,26,3,1,3,80,1396,71,11086,6236,3,2,4,3,Y,No,22,3,1,1,29,2,2,6,4,4,2
999,29,Male,No,Travel_Rarely,Engineering,Devops Engineer,Information Technology,Married,24,4,1,1,80,599,65,12548,5062,4,2,2,4,Y,Yes,20,3,2,0,8,1,3,2,2,0,2
854,28,Female,Yes,Non-Travel,Engineering,Senior Software Engineer,Other,Single,8,2,1,2,80,1427,40,8076,3471,1,1,3,9,Y,No,25,3,3,1,6,4,2,3,0,1,2
426,22,Male,No,Travel_Rarely,Customer Support,Customer Support Specialist,Other,Single,13,2,1,2,80,1364,68,20395,4071,1,1,2,1,Y,No,16,3,1,0,0,1,2,0,0,0,0
1298,42,Male,No,Travel_Rarely,Customer Support,Support Team Lead,Computer Science,Married,11,3,1,3,80,1485,50,19509,3988,4,2,4,4,Y,Yes,20,3,4,1,20,2,3,6,0,5,2
227,30,Female,No,Travel_Rarely,Human Resources,Hr Executive,Other,Married,7,4,1,2,80,105,59,10859,7615,2,2,1,6,Y,No,15,3,2,3,13,1,4,2,0,2,1
1206,32,Male,No,Travel_Rarely,Marketing,Digital Marketing Manager,Other,Married,22,4,1,1,80,1266,31,24810,6189,1,2,4,3,Y,No,15,3,1,0,13,5,3,6,0,0,6
1,25,Female,No,Travel_Rarely,Marketing,Marketing Specialist,Marketing,Married,4,4,1,2,80,619,42,14508,12194,4,4,3,5,Y,No,24,3,2,1,7,1,2,5,4,4,4
402,31,Male,No,Travel_Rarely,Engineering,Qa Engineer,Information Technology,Married,14,4,1,1,80,180,55,7960,3420,2,2,2,7,Y,No,14,3,3,1,10,5,4,7,4,0,7
1104,31,Female,No,Travel_Rarely,Engineering,Software Engineer,Information Technology,Single,23,2,1,4,80,221,35,17777,2691,4,1,1,6,Y,No,24,3,3,0,10,1,3,7,6,4,7
85,32,Female,No,Travel_Rarely,Engineering,Software Engineer,Information Technology,Married,18,3,1,4,80,791,69,23780,11375,2,4,3,1,Y,Yes,15,3,1,1,9,3,1,8,5,1,6
163,40,Female,No,Travel_Rarely,Product,Ux Designer,Information Technology,Divorced,18,2,1,0,80,154,60,3184,5128,2,2,3,2,Y,No,22,3,4,0,19,2,2,15,15,6,4
115,21,Male,No,Travel_Rarely,Customer Support,Support Team Lead,Other,Single,22,4,1,4,80,301,62,4545,5093,3,2,1,7,Y,No,20,3,2,2,1,2,3,1,1,1,0
671,25,Male,Yes,Travel_Frequently,Engineering,Software Engineer,Software Engineering,Married,5,1,1,4,80,810,98,21856,13652,3,3,4,1,Y,Yes,24,3,2,0,6,5,2,4,4,4,1
1129,30,Male,Yes,Travel_Rarely,Sales,Sales Executive,Marketing,Married,12,1,1,1,80,408,62,6828,8860,4,3,2,7,Y,Yes,12,3,3,1,9,0,3,9,7,1,8
890,39,Female,Yes,Travel_Rarely,Engineering,Software Engineer,Other,Single,22,4,1,1,80,102,47,5151,5922,1,3,1,4,Y,Yes,14,3,2,0,21,4,2,1,0,1,0
626,44,Female,No,Non-Travel,Data & Analytics,Data Scientist,Information Technology,Single,7,4,1,2,80,953,77,9894,6849,1,2,1,9,Y,Yes,19,3,2,0,23,3,3,4,0,2,4
1444,44,Female,No,Travel_Rarely,Sales,Sales Executive,Other,Divorced,25,4,1,3,80,753,46,6590,16106,4,4,2,2,Y,No,11,3,3,3,21,2,3,20,6,14,13
953,39,Female,Yes,Travel_Rarely,Data & Analytics,Data Engineer,Computer Science,Single,27,4,1,4,80,989,54,22372,4263,4,1,1,7,Y,No,24,3,1,1,15,4,3,2,1,2,2
808,25,Unknown,No,Travel_Rarely,Data & Analytics,Data Engineer,Information Technology,Single,28,3,1,2,80,858,80,3327,15582,4,4,1,1,Y,Yes,25,3,2,1,6,6,3,0,0,0,0
259,20,Male,Yes,Travel_Rarely,Engineering,Qa Engineer,Computer Science,Divorced,10,2,1,2,80,1199,79,14363,6555,1,2,2,2,Y,No,25,3,2,2,0,1,2,0,0,0,0
625,38,Female,Yes,Travel_Rarely,Product,Ux Designer,Computer Science,Single,13,4,1,3,80,1292,46,8329,20989,4,4,4,3,Y,No,25,3,1,2,19,2,3,0,0,0,0
827,49,Unknown,Yes,Travel_Rarely,Data & Analytics,Data Analyst,Information Technology,Single,23,3,1,1,80,836,35,10404,4348,1,2,1,6,Y,No,13,3,3,1,32,3,1,31,13,26,28
235,24,Female,Yes,Travel_Frequently,Customer Support,Support Team Lead,Business Administration,Married,23,4,1,4,80,1032,48,20007,6873,2,2,3,2,Y,Yes,23,3,1,1,4,2,3,2,0,1,1
136,30,Male,No,Travel_Rarely,Customer Support,Customer Support Specialist,Computer Science,Single,23,3,1,3,80,542,95,15488,5972,3,2,4,3,Y,No,14,3,4,2,10,4,3,2,0,0,1
617,36,Male,No,Travel_Rarely,Product,Ux Designer,Computer Science,Divorced,5,3,1,4,80,255,68,23132,2857,3,1,4,3,Y,No,18,3,4,3,17,5,2,12,8,11,10
837,41,Female,No,Travel_Rarely,Engineering,Devops Engineer,Other,Divorced,10,1,1,1,80,821.5,39,2472,7156,2,3,3,8,Y,No,18,4,3,2,20,4,3,1,0,1,0
843,27,Female,No,Travel_Rarely,Sales,Sales Manager,Business Administration,Married,18,3,1,3,80,623,72,23960,3275,2,2,2,9,Y,No,22,3,3,2,9,0,3,2,1,2,0
960,37,Female,No,Travel_Rarely,Product,Product Manager,Business Administration,Divorced,1,2,1,4,80,821.5,54,21979,7610,2,3,4,4,Y,No,12,3,3,1,15,3,2,12,10,3,4
593,35,Male,Yes,Travel_Rarely,Engineering,Software Engineer,Computer Science,Single,27,4,1,2,80,829,87,6704,6220,3,2,2,9,Y,No,25,3,2,0,18,3,3,2,0,1,0
344,34,Male,No,Travel_Rarely,Marketing,Digital Marketing Manager,Marketing,Married,19,3,1,3,80,544,60,25296,5101,1,2,4,7,Y,No,14,4,4,2,16,2,2,6,6,4,3
1219,32,Male,No,Travel_Rarely,Engineering,Software Engineer,Computer Science,Divorced,5,2,1,3,80,1285,34,26082,4802,1,1,3,7,Y,Yes,13,3,3,1,13,2,2,10,9,5,10
294,41,Female,No,Travel_Rarely,Data & Analytics,Data Analyst,Computer Science,Unknown,20,2,1,2,80,931,32,14330,9172,2,3,1,5,Y,No,23,3,4,1,21,2,3,14,0,1,6
365,39,Female,Yes,Non-Travel,Marketing,Content Strategist,Business Administration,Single,1,1,1,3,80,1086,40,26845,8378,2,2,4,4,Y,No,16,3,4,1,18,3,2,16,11,0,4
179,44,Male,No,Travel_Rarely,Data & Analytics,Bi Analyst,Computer Science,Single,21,3,1,3,80,920,44,13226,13105,2,4,3,7,Y,No,12,3,3,0,25,2,4,11,9,5,11
660,45,Female,No,Travel_Rarely,Product,Product Manager,Computer Science,Married,20,4,1,4,80,550,71,13655,16769,3,4,1,2,Y,Yes,16,3,4,0,26,4,3,22,9,16,8
997,35,Male,Yes,Non-Travel,Engineering,Software Engineer,Software Engineering,Married,19,5,1,3,80,473,90,19193,4249,3,2,2,7,Y,Yes,18,3,1,3,14,3,3,9,6,5,5
15,38,Female,No,Travel_Rarely,Customer Support,Technical Support Engineer,Business Administration,Single,16,3,1,3,80,503,42,3811,5896,3,2,3,5,Y,No,22,3,4,1,18,1,2,9,6,2,8
1111,39,Female,Yes,Travel_Rarely,Sales,Sales Manager,Other,Married,20,2,1,1,80,1284,78,20148,4621,3,1,4,7,Y,No,20,3,1,2,18,2,3,15,12,10,14
166,38,Female,Yes,Travel_Rarely,Customer Support,Technical Support Engineer,Information Technology,Divorced,25,3,1,3,80,411,76,14813,18517,2,5,4,7,Y,No,15,4,2,2,19,2,3,4,4,0,2
60,26,Male,No,Travel_Rarely,It Operations,Unknown,Other,Single,24,3,1,1,80,498,79,3722,4821,1,2,4,8,Y,No,15,4,3,1,4,1,3,0,0,0,0
710,20,Male,Yes,Travel_Rarely,Engineering,Engineering Manager,Other,Single,3,3,1,1,80,195,44,8474,10726,3,3,1,7,Y,No,24,3,3,3,0,5,2,0,0,0,0
677,29,Male,No,Travel_Frequently,Product,Product Manager,Business Administration,Divorced,25,4,1,1,80,333,53,12735,14466,2,5,1,1,Y,No,12,3,3,1,7,2,1,5,2,1,1
781,45,Male,No,Travel_Frequently,Data & Analytics,Bi Analyst,Computer Science,Divorced,9,2,1,2,80,1059,75,22128,5589,2,2,4,5,Y,No,18,4,1,1,25,4,0,21,19,9,1
425,24,Male,Yes,Non-Travel,Human Resources,Talent Acquisition Specialist,Other,Single,7,5,1,2,80,876,67,26166,7396,1,3,3,2,Y,Yes,12,3,1,1,1,3,3,1,1,1,1
293,31,Female,No,Travel_Rarely,Engineering,Devops Engineer,Electrical Engineering,Married,28,4,1,2,80,693,59,8261,25000,1,5,4,7,Y,No,15,4,4,1,12,4,2,11,4,1,7
1066,28,Unknown,No,Travel_Rarely,Sales,Sales Manager,Marketing,Divorced,12,3,1,1,80,426,76,6680,2738,3,1,1,8,Y,No,13,3,1,0,10,5,2,6,0,4,3
1320,40,Female,No,Travel_Rarely,Sales,Sales Executive,Other,Married,26,3,1,1,80,257,58,22882,4810,4,2,3,4,Y,No,11,3,2,2,18,4,3,2,0,1,0
330,27,Male,No,Travel_Rarely,Customer Support,Technical Support Engineer,Computer Science,Married,15,3,1,0,80,363,55,16304,4037,3,2,2,0,Y,No,17,3,4,1,6,3,3,0,0,0,0
430,43,Male,Yes,Travel_Rarely,Marketing,Content Strategist,Other,Married,20,4,1,3,80,823,33,4931,1206,2,1,2,3,Y,Yes,20,3,1,0,26,1,4,10,1,8,5
1013,48,Male,No,Travel_Frequently,It Operations,System Administrator,Information Technology,Married,25,3,1,4,80,1137,80,11469,3215,3,1,3,0,Y,No,19,3,3,1,30,1,1,10,2,0,9
80,39,Male,No,Travel_Frequently,Engineering,Qa Engineer,Computer Science,Married,20,3,1,4,80,725,33,20782,6989,1,3,2,5,Y,No,17,3,2,0,15,4,3,5,4,3,4
1053,32,Female,No,Travel_Rarely,Customer Support,Customer Support Specialist,Other,Divorced,6,4,1,2,80,828.5,94,12921,5794.5,4,2,3,9,Y,No,15,3,2,3,12,2,3,2,2,0,1
938,27,Female,Yes,Non-Travel,Human Resources,Talent Acquisition Specialist,Business Administration,Married,9,4,1,3,80,187,68,12635,10654,3,3,1,3,Y,No,13,3,4,3,4,1,3,0,0,0,0
835,30,Male,Yes,Travel_Frequently,Marketing,Content Strategist,Unknown,Single,19,1,1,1,80,791,70,21009,4635,1,2,4,4,Y,No,20,3,1,1,6,3,3,1,1,0,1
750,20,Female,Yes,Travel_Rarely,Human Resources,Talent Acquisition Specialist,Human Resources,Divorced,15,4,1,2,80,821,69,23137,6241,4,2,1,9,Y,No,21,3,3,2,0,3,2,0,0,0,0
891,49,Male,Yes,Travel_Frequently,Product,Product Analyst,Information Technology,Single,3,4,1,2,80,451,67,3844,11492,4,3,1,4,Y,No,15,4,1,1,32,2,4,9,6,5,3
255,21,Female,No,Travel_Rarely,Engineering,Engineering Manager,Information Technology,Married,24,4,1,1,80,285,41,10470,13375,3,4,3,7,Y,No,12,3,3,1,0,2,4,0,0,0,0
1443,26,Female,No,Travel_Rarely,Engineering,Senior Software Engineer,Electrical Engineering,Single,25,2,1,3,80,461,46,3513,9818,2,3,4,4,Y,No,13,3,3,2,8,6,3,6,1,4,3
1109,38,Male,No,Travel_Frequently,Marketing,Content Strategist,Marketing,Divorced,25,3,1,0,80,1390,53,19139,16672,4,5,2,9,Y,No,22,3,1,1,18,3,2,17,2,0,13
137,29,Male,Yes,Travel_Rarely,Engineering,Engineering Manager,Computer Science,Single,10,2,1,3,80,361,31,12974,23964,2,5,2,5,Y,Yes,25,3,3,1,9,3,3,2,1,0,2
1136,30,Male,No,Travel_Rarely,Data & Analytics,Data Scientist,Data Science,Married,24,4,1,1,80,531,41,5266,13741,3,4,2,1,Y,No,24,3,4,2,11,1,3,3,2,1,0
853,20,Female,No,Travel_Frequently,Engineering,Engineering Manager,Information Technology,Married,28,4,1,3,80,235,91,11913,21208,2,4,3,5,Y,Yes,23,3,4,2,0,3,3,0,0,0,0
724,42,Male,No,Travel_Frequently,It Operations,System Administrator,Other,Divorced,15,5,1,2,80,704,37,15728,5181,2,2,4,0,Y,Yes,16,3,1,2,22,1,2,8,3,4,6
860,20,Male,No,Non-Travel,Customer Support,Customer Support Specialist,Information Technology,Single,7,3,1,2,80,377,72,24418,8485,3,3,3,0,Y,Yes,15,3,1,0,0,2,2,0,0,0,0
970,27,Male,Yes,Travel_Frequently,Sales,Sales Manager,Unknown,Married,27,3,1,1,80,1275,79,9631,5995,3,4,4,0,Y,No,12,4,1,1,9,1,3,5,1,2,5
497,45,Unknown,Yes,Travel_Rarely,Customer Support,Technical Support Engineer,Business Administration,Married,25,4,1,3,80,908,64,8287,16423,1,4,1,8,Y,Yes,14,4,1,1,26,3,3,12,12,7,12
951,33,Male,No,Travel_Frequently,Data & Analytics,Data Scientist,Computer Science,Single,21,3,1,1,80,785,80,6752,18475,1,4,2,1,Y,No,21,3,1,0,10,2,2,6,6,4,4
806,27,Female,Yes,Travel_Rarely,Sales,Account Manager,Other,Married,11,1,1,3,80,1228,33,17068,2495,1,1,2,1,Y,No,17,3,3,0,11,2,3,2,2,0,0
130,20,Male,No,Travel_Rarely,Engineering,Senior Software Engineer,Other,Single,13,5,1,4,80,1217,31,15465,3544,1,1,1,7,Y,No,25,4,4,2,4,2,2,4,0,3,1
338,32,Male,No,Travel_Rarely,Data & Analytics,Bi Analyst,Data Science,Married,14,5,1,2,80,133,78,21808,3263,3,1,3,5,Y,No,23,3,2,0,14,2,3,5,5,3,4
315,38,Female,No,Travel_Rarely,It Operations,It Manager,Computer Science,Married,18,4,1,1,80,899,59,6322,6916,2,3,2,9,Y,No,22,4,3,1,18,0,2,8,1,1,1
609,46,Male,No,Travel_Frequently,Customer Support,Technical Support Engineer,Other,Divorced,5,3,1,4,80,504,65,24825,7208,1,2,4,5,Y,No,14,3,1,0,28,1,3,10,5,2,0
1149,30,Male,Yes,Travel_Frequently,Data & Analytics,Data Analyst,Information Technology,Divorced,12,2,1,2,80,649,92,4935,8661,3,3,2,6,Y,Yes,17,4,2,1,9,5,3,0,0,0,0
196,42,Male,Yes,Non-Travel,Engineering,Devops Engineer,Software Engineering,Single,19,3,1,3,80,839,46,10240,6552,3,2,2,6,Y,No,16,3,1,1,19,2,3,2,2,1,2
1458,37,Male,No,Travel_Rarely,Engineering,Devops Engineer,Software Engineering,Married,16,1,1,3,80,677,45,4494,4510,3,2,4,4,Y,No,19,3,4,3,19,3,2,14,4,6,11
910,20,Male,Yes,Travel_Rarely,Engineering,Senior Software Engineer,Electrical Engineering,Divorced,17,1,1,2,80,953,85,26640,2412,4,1,4,3,Y,No,23,3,3,1,2,2,3,1,0,0,1
585,35,Female,No,Travel_Rarely,It Operations,It Support Engineer,Unknown,Divorced,22,2,1,4,80,766,30,16340,11381,1,3,2,3,Y,Yes,19,3,4,2,15,1,3,2,1,0,1
104,41,Male,No,Travel_Rarely,Marketing,Marketing Specialist,Other,Divorced,2,4,1,2,80,428,62,20374,12051,4,4,4,8,Y,No,19,3,2,3,22,1,3,0,0,0,0
1364,45,Female,No,Travel_Rarely,Data & Analytics,Data Analyst,Statistics,Single,22,4,1,2,80,878,99,10300,10522,1,3,1,8,Y,Yes,22,3,3,2,23,1,3,17,3,3,10
1378,34,Male,No,Travel_Rarely,Sales,Sales Manager,Business Administration,Married,15,3,1,1,80,327,82,20954,20033,1,5,2,8,Y,No,19,4,4,0,13,3,3,4,4,1,1
720,23,Female,No,Travel_Frequently,Data & Analytics,Data Analyst,Data Science,Divorced,18,3,1,3,80,1385,87,24406,3132,1,1,2,5,Y,Yes,12,3,3,2,2,2,3,1,1,1,0
885,20,Unknown,No,Travel_Rarely,Customer Support,Support Team Lead,Unknown,Married,25,4,1,2,80,1165,57,4193,7694,2,2,2,1,Y,No,15,4,1,2,0,2,3,0,0,0,0
777,42,Female,No,Travel_Rarely,It Operations,System Administrator,Information Technology,Married,23,4,1,4,80,380,75,10546,7532,2,2,3,0,Y,No,11,3,3,2,25,3,2,21,15,13,10
850,37,Female,No,Travel_Frequently,Engineering,Senior Software Engineer,Electrical Engineering,Married,7,2,1,3,80,1195,46,21638,10049,4,3,1,3,Y,Yes,19,3,3,0,13,4,2,0,0,0,0
895,33,Female,No,Non-Travel,Engineering,Devops Engineer,Other,Single,25,3,1,4,80,1409,47,20554,16202,2,3,2,4,Y,No,25,3,3,2,14,1,3,8,6,7,1
228,25,Female,No,Travel_Rarely,Engineering,Engineering Manager,Information Technology,Married,6,3,1,3,80,805,98,2425,9574,2,3,3,2,Y,Yes,18,3,1,0,1,4,3,1,0,1,0
1388,33,Female,Yes,Travel_Rarely,It Operations,It Manager,Information Technology,Unknown,13,2,1,3,80,821.5,87,8169,6457,2,3,1,5,Y,Yes,15,3,1,0,10,4,3,9,0,0,3
127,20,Male,No,Travel_Rarely,Sales,Sales Manager,Other,Divorced,10,2,1,1,80,274,41,15225,3506,2,1,2,4,Y,Yes,13,3,2,0,4,5,2,1,0,0,0
406,34,Male,No,Travel_Rarely,Marketing,Digital Marketing Manager,Other,Divorced,11,4,1,4,80,1202,76,4755,2562,2,1,3,3,Y,No,25,3,1,1,15,3,2,12,1,3,3
776,29,Male,Yes,Travel_Frequently,Sales,Sales Executive,Computer Science,Single,17,3,1,4,80,812,42,5603,5571,2,2,1,1,Y,Yes,24,3,4,1,8,2,3,4,1,2,4
822,38,Female,No,Travel_Rarely,Data & Analytics,Data Engineer,Statistics,Single,6,3,1,4,80,413,95,6501,3981,4,1,4,1,Y,No,16,3,2,1,18,2,3,16,7,8,9
712,20,Female,No,Travel_Rarely,Engineering,Software Engineer,Electrical Engineering,Single,13,2,1,3,80,899,84,16313,5896,3,2,1,7,Y,No,14,3,4,1,1,6,3,1,1,1,1
1392,34,Female,No,Travel_Rarely,Marketing,Marketing Specialist,Other,Married,18,3,1,3,80,971,99,13562,3473,4,1,4,1,Y,No,17,3,3,3,14,2,2,0,0,0,0
1061,37,Female,Yes,Travel_Rarely,Engineering,Engineering Manager,Other,Divorced,2,4,1,4,80,1426,69,2435,9684,1,5,2,3,Y,No,20,4,4,0,15,4,2,13,3,12,12
1164,23,Female,Yes,Non-Travel,Data & Analytics,Bi Analyst,Information Technology,Married,8,4,1,4,80,1078,38,26194,6539,4,3,4,3,Y,Yes,21,3,2,1,0,3,3,0,0,0,0
304,31,Female,No,Travel_Frequently,Data & Analytics,Data Engineer,Data Science,Married,20,3,1,3,80,431,72,11258,2302,1,1,3,9,Y,No,19,3,4,1,8,2,3,6,5,5,5
268,25,Male,No,Travel_Rarely,Engineering,Software Engineer,Computer Science,Married,3,1,1,1,80,788,37,15019,4080,3,1,3,9,Y,No,14,3,1,1,6,3,2,0,0,0,0
546,34,Female,No,Travel_Rarely,Customer Support,Support Team Lead,Computer Science,Married,13,4,1,1,80,259,30,9437,19218,4,5,3,2,Y,No,25,3,1,1,18,2,4,12,7,2,11
213,37,Female,No,Travel_Rarely,Product,Product Manager,Information Technology,Single,20,3,1,1,80,663,30,22663,16613,1,4,4,3,Y,No,23,3,2,1,16,2,2,11,7,8,2
897,32,Female,No,Travel_Frequently,Data & Analytics,Data Engineer,Data Science,Married,2,4,1,3,80,1329,71,23306,3954,2,1,1,5,Y,Yes,20,4,3,2,11,2,3,2,2,0,1
917,44,Male,No,Travel_Rarely,Engineering,Software Engineer,Information Technology,Married,10,4,1,4,80,1044,32,8488,1722,1,1,4,4,Y,No,19,3,4,1,27,2,3,13,4,11,6
676,25,Female,Yes,Travel_Rarely,Sales,Sales Executive,Computer Science,Single,25,3,1,4,80,530,94,15862,4760,4,1,4,8,Y,No,12,3,4,1,8,1,2,4,1,1,0
815,40,Male,No,Travel_Frequently,Product,Ux Designer,Information Technology,Married,9,4,1,2,80,1115,81,20865,7977,1,3,3,3,Y,No,25,3,4,0,19,4,3,12,4,2,3
343,40,Male,No,Non-Travel,Engineering,Devops Engineer,Other,Single,26,2,1,4,80,479,97,4353,5681,2,2,3,8,Y,No,13,3,2,1,19,4,2,3,2,0,0
550,30,Male,Yes,Non-Travel,Engineering,Senior Software Engineer,Electrical Engineering,Married,6,4,1,4,80,1083,63,5612,5986,3,2,1,9,Y,No,18,3,2,0,11,2,0,0,0,0,0
967,30,Male,Yes,Travel_Rarely,Engineering,Software Engineer,Information Technology,Single,16,4,1,4,80,604,39,20360,23035,2,5,4,6,Y,No,24,3,2,2,11,2,3,9,3,1,7
296,25,Female,No,Travel_Rarely,Sales,Account Manager,Marketing,Married,2,3,1,3,80,1152,35,5588,5559,3,2,4,3,Y,Yes,19,3,4,0,5,6,3,1,0,0,0
696,37,Female,No,Travel_Rarely,Sales,Sales Executive,Business Administration,Married,28,4,1,3,80,464,42,25560,2905,4,1,2,4,Y,No,23,3,4,0,15,3,3,1,0,0,1
74,35,Female,Yes,Travel_Frequently,Engineering,Software Engineer,Other,Married,26,4,1,1,80,966,67,4474,10772,4,4,1,8,Y,No,22,3,4,1,16,4,3,0,0,0,0
606,32,Unknown,No,Travel_Rarely,Sales,Account Manager,Computer Science,Single,17,4,1,2,80,516,73,7903,23303,3,5,2,5,Y,No,24,4,2,1,13,1,2,11,6,8,9
105,31,Female,Yes,Travel_Rarely,Sales,Account Manager,Marketing,Divorced,8,3,1,3,80,309,86,3017,5794.5,1,2,2,7,Y,Yes,24,3,3,0,12,1,3,5,1,4,1
646,46,Male,Yes,Travel_Rarely,Engineering,Qa Engineer,Electrical Engineering,Married,18,3,1,2,80,1221,53,6980,5075,3,2,3,0,Y,No,17,3,4,2,22,2,3,15,8,9,1
1447,20,Female,Yes,Travel_Rarely,Human Resources,Hr Executive,Human Resources,Single,1,2,1,1,80,135,61,13688,1335,2,1,4,8,Y,No,12,3,4,1,0,2,3,0,0,0,0
1041,38,Male,No,Travel_Rarely,Data & Analytics,Data Scientist,Information Technology,Divorced,29,3,1,2,80,1371,34,3590,21223,1,5,4,5,Y,No,24,3,1,1,19,5,3,19,7,4,0
440,31,Female,No,Travel_Rarely,Engineering,Software Engineer,Other,Divorced,21,3,1,4,80,610,57,9594,5485,3,2,2,0,Y,No,14,3,2,0,9,1,3,7,4,1,3
1020,36,Female,No,Travel_Frequently,Customer Support,Technical Support Engineer,Information Technology,Married,1,3,1,4,80,454,55,21479,11953,4,5,4,9,Y,No,21,3,3,0,15,3,3,11,1,3,9
92,38,Female,No,Travel_Rarely,Data & Analytics,Data Engineer,Computer Science,Married,1,3,1,3,80,380,80,16076,15940,3,4,2,1,Y,No,21,3,2,0,18,3,3,4,0,3,1
1113,43,Female,Yes,Travel_Rarely,Marketing,Digital Marketing Manager,Other,Unknown,12,3,1,1,80,1207,96,21647,4738,1,1,1,9,Y,No,11,3,1,0,24,6,3,8,8,4,6
1294,25,Male,Yes,Travel_Rarely,It Operations,System Administrator,Information Technology,Married,1,2,1,2,80,308,73,21577,3368,1,1,3,5,Y,Yes,13,3,3,1,4,2,2,0,0,0,0
909,40,Female,Yes,Travel_Rarely,Product,Ux Designer,Information Technology,Divorced,6,4,1,4,80,1281,38,22979,10279,3,3,4,6,Y,Yes,15,3,3,1,20,4,3,11,11,7,7
103,39,Male,Yes,Travel_Rarely,Engineering,Senior Software Engineer,Software Engineering,Married,13,3,1,4,80,317,56,14449,4580,3,1,2,5,Y,Yes,15,3,1,1,16,3,3,3,0,0,0
239,34,Male,No,Non-Travel,Product,Product Manager,Computer Science,Single,24,4,1,4,80,941,31,5667,7233,3,2,2,2,Y,Yes,16,3,2,0,14,4,3,1,1,1,1
1258,24,Male,Yes,Travel_Rarely,Sales,Sales Executive,Computer Science,Married,12,2,1,4,80,1300,72,22290,4184,4,2,4,8,Y,No,18,4,1,0,6,4,3,0,0,0,0
943,31,Male,No,Non-Travel,Sales,Sales Manager,Marketing,Single,8,2,1,1,80,934,31,7722,9590,3,3,2,6,Y,No,20,3,1,0,8,3,4,8,6,4,6
939,26,Male,Yes,Travel_Rarely,Engineering,Engineering Manager,Electrical Engineering,Married,9,4,1,3,80,328,63,13066,10428,1,3,4,9,Y,No,13,3,1,2,3,1,2,0,0,0,0
1182,33,Male,No,Travel_Frequently,Sales,Account Manager,Marketing,Married,3,5,1,4,80,883,36,14619,25000,3,5,2,4,Y,No,21,3,1,0,16,2,2,4,4,0,0
6,34,Male,No,Travel_Rarely,Customer Support,Technical Support Engineer,Business Administration,Divorced,13,3,1,3,80,791,43,6486,10022,1,3,1,7,Y,No,15,3,3,3,16,3,2,1,1,1,0
1340,27,Male,No,Travel_Frequently,Human Resources,Hr Executive,Business Administration,Married,11,3,1,2,80,720,93,12375,6789,2,2,3,4,Y,Yes,18,3,1,0,5,1,3,3,2,3,0
966,29,Female,Yes,Travel_Rarely,Data & Analytics,Data Analyst,Data Science,Married,20,3,1,1,80,762,93,4854,4450,2,2,3,7,Y,Yes,24,3,3,0,8,2,2,2,2,2,1
19,40,Female,No,Non-Travel,Sales,Sales Executive,Business Administration,Married,27,1,1,4,80,150,30,24735,17519,3,4,4,5,Y,No,11,3,4,2,18,1,2,16,13,13,3
122,45,Male,No,Travel_Frequently,Human Resources,Hr Manager,Human Resources,Married,18,4,1,2,80,927,96,9894,11484,1,3,4,1,Y,Yes,18,3,4,2,25,4,2,16,12,15,10
662,21,Female,No,Travel_Rarely,Sales,Sales Manager,Computer Science,Single,26,1,1,1,80,974,40,23074,13335,3,4,3,8,Y,No,19,3,3,0,2,2,3,0,0,0,0
1246,29,Female,Yes,Travel_Frequently,Customer Support,Support Team Lead,Information Technology,Married,20,3,1,4,80,1047,97,26919,7772,2,3,2,1,Y,No,14,3,4,2,7,5,2,3,0,0,3
275,39,Female,No,Non-Travel,Data & Analytics,Data Engineer,Information Technology,Single,5,3,1,1,80,1412,74,8392,19440,2,4,1,1,Y,No,25,3,4,1,19,2,2,8,0,1,7
434,34,Male,No,Travel_Rarely,Data & Analytics,Data Scientist,Statistics,Single,24,2,1,1,80,449,80,8448,11353,4,3,3,9,Y,Yes,14,3,4,1,14,2,2,0,0,0,0
812,31,Female,No,Travel_Frequently,Sales,Sales Executive,Other,Single,24,4,1,4,80,504,30,9231,5637,1,2,3,1,Y,No,12,3,1,2,9,3,3,0,0,0,0
1379,22,Female,No,Travel_Frequently,Engineering,Engineering Manager,Other,Divorced,13,3,1,3,80,754,60,7686,12664,4,4,2,1,Y,No,16,3,1,1,0,3,3,0,0,0,0
1393,24,Male,Yes,Travel_Rarely,Sales,Sales Executive,Other,Married,10,3,1,2,80,1055,35,24471,12270,1,4,2,2,Y,No,24,3,2,2,3,3,3,3,0,0,3
182,35,Male,No,Travel_Rarely,Customer Support,Technical Support Engineer,Information Technology,Married,22,2,1,2,80,698,39,3251,21903,1,5,1,6,Y,No,18,3,3,1,13,4,3,7,6,4,7
185,38,Male,Yes,Travel_Rarely,Marketing,Digital Marketing Manager,Other,Married,3,3,1,1,80,1228,89,3764,14137,3,4,4,8,Y,Yes,12,3,4,0,14,2,2,1,1,1,0
407,29,Female,No,Travel_Rarely,Product,Product Manager,Computer Science,Divorced,13,4,1,2,80,258,81,12896,17660,1,3,1,6,Y,No,21,4,3,2,10,5,3,2,2,0,1
866,44,Male,No,Travel_Rarely,Sales,Sales Manager,Other,Divorced,14,3,1,4,80,545,64,13205,3075,3,1,4,9,Y,No,16,3,3,0,26,3,2,5,5,1,1
521,31,Male,No,Travel_Rarely,Data & Analytics,Unknown,Statistics,Married,21,2,1,1,80,757,52,24310,3408,2,2,3,3,Y,No,22,3,4,3,15,4,4,2,0,0,0
1004,28,Male,No,Travel_Rarely,Customer Support,Technical Support Engineer,Information Technology,Single,29,4,1,1,80,744,97,3006,11407,1,4,1,4,Y,No,25,3,1,0,11,1,3,5,0,3,0
381,38,Female,Yes,Travel_Rarely,Sales,Sales Manager,Computer Science,Married,14,3,1,1,80,935,47,9344,3627,2,1,3,4,Y,No,24,3,4,0,21,3,2,18,1,9,12
428,33,Female,No,Travel_Rarely,Engineering,Software Engineer,Other,Divorced,10,2,1,2,80,504,65,17555,25000,4,5,3,1,Y,No,17,3,3,1,16,4,3,10,7,0,4
79,32,Female,No,Travel_Rarely,Sales,Account Manager,Other,Single,8,3,1,4,80,444,85,20881,8576,3,3,3,7,Y,Yes,23,3,4,2,14,2,2,1,0,0,1
1010,37,Unknown,No,Travel_Rarely,Customer Support,Support Team Lead,Business Administration,Divorced,18,4,1,2,80,487,72,5534,3123,3,1,4,6,Y,No,22,3,3,0,13,2,0,13,6,6,2
1454,41,Male,No,Travel_Rarely,Sales,Sales Executive,Business Administration,Married,23,3,1,4,80,1083,77,21330,3759,2,2,3,0,Y,No,12,3,2,0,17,3,2,12,3,0,5
608,42,Male,No,Travel_Frequently,Sales,Sales Executive,Other,Married,24,3,1,4,80,567,85,23001,11225,1,3,3,4,Y,No,25,3,1,1,26,3,2,6,6,0,6
1314,40,Male,Yes,Travel_Rarely,Data & Analytics,Bi Analyst,Computer Science,Married,1,4,1,2,80,458,46,14313,3315,1,1,4,6,Y,Yes,13,3,2,1,20,3,3,8,3,2,6
1468,29,Female,No,Travel_Rarely,Engineering,Devops Engineer,Software Engineering,Single,18,3,1,1,80,973,55,15912,7798,2,3,4,7,Y,No,13,3,1,1,10,2,3,7,6,3,3
1346,32,Male,Yes,Travel_Rarely,Engineering,Devops Engineer,Software Engineering,Married,3,3,1,4,80,322,61,12309,15198,4,5,1,7,Y,No,17,3,3,3,14,4,2,3,3,0,0
1058,42,Male,Yes,Travel_Rarely,Engineering,Software Engineer,Software Engineering,Divorced,20,4,1,3,80,1250,33,6943,3458,1,1,4,9,Y,Yes,13,3,4,0,22,2,3,19,15,13,1
1092,26,Female,Yes,Travel_Rarely,Product,Ux Designer,Business Administration,Single,7,4,1,1,80,1186,33,22070,13250,1,3,3,6,Y,No,16,3,1,1,2,0,2,0,0,0,0
1102,38,Male,No,Travel_Rarely,It Operations,It Support Engineer,Computer Science,Married,9,4,1,0,80,908,36,23165,8403,1,2,3,9,Y,Yes,15,3,4,2,16,4,3,11,8,1,2
1130,21,Male,Yes,Travel_Rarely,Marketing,Digital Marketing Manager,Marketing,Divorced,7,2,1,3,80,691,88,11297,15381,1,5,3,4,Y,Yes,21,3,4,3,0,3,0,0,0,0,0
1236,31,Female,Yes,Travel_Frequently,Engineering,Devops Engineer,Computer Science,Single,7,4,1,4,80,634,49,16159,16700,2,4,2,4,Y,Yes,16,3,1,1,9,3,1,5,2,4,2
1301,31,Female,No,Travel_Frequently,Engineering,Devops Engineer,Information Technology,Married,29,4,1,3,80,226,47,15514,7820,2,3,4,0,Y,No,24,3,2,3,12,3,3,4,2,4,2
959,47,Female,No,Travel_Rarely,It Operations,System Administrator,Information Technology,Married,19,3,1,4,80,601,49,5186,11614,2,5,1,0,Y,Yes,23,3,3,2,27,5,2,20,4,15,15
560,46,Male,Yes,Non-Travel,Engineering,Engineering Manager,Other,Married,21,4,1,4,80,339,41,23925,16111,4,4,4,7,Y,No,14,3,1,0,24,2,3,3,3,1,1
847,34,Female,No,Travel_Frequently,Data & Analytics,Bi Analyst,Statistics,Divorced,10,2,1,3,80,1242,89,5414,3648,3,1,1,2,Y,No,17,3,4,1,12,2,2,8,3,4,7
691,24,Male,No,Travel_Rarely,Sales,Sales Executive,Marketing,Married,21,3,1,3,80,1218,84,25041,21683,1,5,1,5,Y,No,16,4,2,1,2,4,3,0,0,0,0
1429,37,Male,Yes,Travel_Frequently,Engineering,Software Engineer,Information Technology,Married,6,4,1,2,80,845,71,6040,4360,4,1,1,7,Y,No,12,3,4,1,18,4,3,9,1,9,3
1377,32,Male,Yes,Travel_Rarely,Sales,Sales Manager,Computer Science,Married,2,4,1,2,80,1167,36,11722,6601,2,2,4,7,Y,Yes,15,3,1,0,12,4,3,8,1,1,2
437,47,Male,No,Travel_Rarely,Data & Analytics,Data Scientist,Data Science,Single,1,3,1,4,80,631,79,8819,9008,3,3,4,2,Y,Yes,20,3,2,0,27,4,2,24,2,7,3
491,27,Female,No,Travel_Rarely,Customer Support,Support Team Lead,Information Technology,Divorced,18,2,1,3,80,1337,39,2882,3563,1,1,2,8,Y,No,21,3,3,3,7,3,3,6,6,3,5
267,32,Male,Yes,Travel_Frequently,Engineering,Software Engineer,Software Engineering,Married,27,4,1,2,80,1436,90,12035,8275,1,2,2,1,Y,Yes,15,3,3,0,11,0,4,7,7,3,2
1356,33,Female,No,Travel_Rarely,Engineering,Devops Engineer,Other,Married,29,3,1,4,80,568,30,2984,8595,4,2,3,7,Y,No,16,4,2,3,14,3,1,5,4,1,0
70,41,Male,No,Travel_Rarely,Sales,Sales Manager,Computer Science,Unknown,20,2,1,2,80,324,52,23822,14489,4,4,3,9,Y,Yes,12,3,3,1,20,2,3,16,1,14,13
809,22,Male,Yes,Travel_Rarely,Human Resources,Hr Executive,Business Administration,Divorced,3,1,1,4,80,1100,95,18685,19801,2,4,3,3,Y,No,20,3,4,1,0,3,3,0,0,0,0
1185,37,Female,No,Travel_Rarely,Engineering,Engineering Manager,Computer Science,Married,8,4,1,1,80,1490,41,11973,9818,3,3,2,3,Y,No,21,3,4,1,17,1,3,16,9,8,6
12,51,Male,No,Travel_Rarely,Data & Analytics,Bi Analyst,Statistics,Married,11,4,1,1,80,546,51,5654,5012,3,1,1,5,Y,Yes,24,4,1,0,31,0,2,3,3,0,1
145,36,Male,No,Non-Travel,Engineering,Engineering Manager,Information Technology,Single,4,2,1,3,80,968,80,12834,3908,1,1,2,0,Y,Yes,21,3,1,1,13,2,3,8,1,3,0
918,27,Male,No,Travel_Rarely,Engineering,Engineering Manager,Computer Science,Married,1,1,1,1,80,750,93,4244,2777,2,1,3,1,Y,No,22,3,4,0,8,2,1,6,1,5,4
640,32,Female,Yes,Travel_Rarely,Human Resources,Talent Acquisition Specialist,Other,Single,13,3,1,1,80,141,76,20232,3296,4,1,4,7,Y,No,14,3,1,0,13,2,3,0,0,0,0
177,31,Female,No,Travel_Rarely,Engineering,Unknown,Other,Married,16,3,1,4,80,733,97,22310,5818,1,2,4,2,Y,No,12,3,1,2,15,4,2,8,0,3,5
995,20,Male,No,Travel_Rarely,Engineering,Unknown,Other,Single,10,4,1,3,80,306,63,17426,6711,2,2,4,3,Y,No,22,3,2,1,0,3,3,0,0,0,0
441,38,Male,No,Travel_Rarely,Marketing,Marketing Specialist,Other,Single,6,3,1,3,80,392,75,6048,3517,4,1,3,9,Y,No,19,3,4,3,16,4,4,3,0,0,0
522,25,Female,No,Travel_Rarely,Engineering,Devops Engineer,Electrical Engineering,Single,15,3,1,3,80,756,42,24262,3486,3,1,2,6,Y,No,11,3,3,1,4,5,3,0,0,0,0
1460,35,Male,Yes,Travel_Rarely,Data & Analytics,Data Analyst,Statistics,Divorced,23,3,1,4,80,375,81,25457,7441,2,2,2,3,Y,Yes,18,3,2,1,15,0,3,10,4,1,2
1005,42,Female,Yes,Travel_Rarely,Sales,Sales Executive,Marketing,Married,7,3,1,4,80,1223,37,14044,6811,3,2,2,5,Y,No,17,3,2,1,21,3,2,8,4,1,1
1256,26,Male,Yes,Travel_Rarely,Engineering,Devops Engineer,Computer Science,Married,10,3,1,1,80,568,74,24985,3487,4,1,2,4,Y,Yes,24,3,2,2,8,5,3,4,4,0,0
1235,32,Female,Yes,Travel_Rarely,Engineering,Senior Software Engineer,Information Technology,Married,23,2,1,4,80,880,79,4890,10785,3,3,3,3,Y,No,14,3,2,0,12,2,4,1,0,1,0
144,39,Male,No,Travel_Rarely,Sales,Sales Executive,Marketing,Single,15,4,1,1,80,582,96,6719,3575,2,1,3,2,Y,No,15,4,1,1,19,4,3,9,8,3,0
754,48,Female,Yes,Travel_Rarely,Sales,Account Manager,Computer Science,Married,25,3,1,4,80,1117,58,20982,6313,1,2,3,9,Y,Yes,15,3,3,0,26,6,3,14,9,7,11
520,31,Female,No,Travel_Frequently,Marketing,Content Strategist,Other,Married,2,3,1,2,80,1331,70,5169,8050,3,3,4,0,Y,No,12,3,4,1,12,0,4,2,2,0,1
823,26,Male,No,Non-Travel,Customer Support,Customer Support Specialist,Information Technology,Single,17,2,1,2,80,472,96,2714,4394,1,1,2,7,Y,No,23,4,3,1,3,2,2,1,0,0,1
429,21,Female,Yes,Travel_Rarely,Engineering,Software Engineer,Other,Married,8,4,1,4,80,152,31,14308,5630,2,2,1,7,Y,Yes,22,3,3,1,3,3,2,0,0,0,0
613,20,Female,No,Travel_Rarely,Marketing,Marketing Specialist,Business Administration,Single,26,2,1,4,80,400,93,25694,12361,3,3,4,0,Y,No,13,4,4,0,2,2,3,2,2,2,2
1033,37,Male,No,Travel_Rarely,Marketing,Content Strategist,Business Administration,Divorced,21,4,1,3,80,745,90,21699,2953,3,1,3,2,Y,Yes,15,3,2,0,19,4,3,0,0,0,0
157,31,Male,No,Travel_Rarely,Product,Product Analyst,Other,Married,21,4,1,2,80,1366,92,3896,3516,4,1,4,5,Y,No,13,4,4,2,13,2,3,7,4,3,4
540,36,Male,Yes,Non-Travel,Sales,Sales Manager,Business Administration,Single,5,1,1,4,80,307,83,7047,6204,2,3,3,6,Y,No,12,3,1,1,15,3,2,15,9,4,9
1291,40,Male,No,Travel_Rarely,Data & Analytics,Data Engineer,Information Technology,Single,6,1,1,3,80,807,56,2799,12152,3,4,4,5,Y,No,25,3,4,0,23,2,3,21,20,20,5
462,37,Female,No,Travel_Rarely,Sales,Sales Executive,Other,Married,22,3,1,1,80,218,54,24876,6106,3,3,2,5,Y,Unknown,11,3,4,1,13,5,2,11,7,10,9
577,28,Male,No,Travel_Rarely,Product,Ux Designer,Computer Science,Married,15,2,1,3,80,277,54,18350,25000,3,5,4,1,Y,No,25,3,1,0,9,4,2,6,0,3,5
256,38,Male,Yes,Travel_Rarely,Marketing,Content Strategist,Business Administration,Married,21,1,1,2,80,1211,47,17099,16983,2,4,2,5,Y,Yes,15,3,2,2,16,3,3,13,1,9,9
980,39,Male,Yes,Travel_Rarely,Human Resources,Hr Manager,Business Administration,Divorced,20,1,1,3,80,1048,73,4716,7779,3,3,1,0,Y,Yes,15,3,3,1,23,2,3,5,5,0,5
1186,44,Male,No,Travel_Rarely,Human Resources,Hr Manager,Other,Single,13,3,1,3,80,934,44,24915,13544,4,3,4,8,Y,Yes,14,3,1,3,20,2,3,18,6,15,2
1007,33,Female,Yes,Travel_Rarely,Engineering,Devops Engineer,Electrical Engineering,Married,17,2,1,2,80,1282,85,2803,2847,4,1,4,3,Y,Yes,23,3,4,1,15,3,0,8,3,2,3
561,36,Male,No,Travel_Rarely,Customer Support,Technical Support Engineer,Other,Single,13,3,1,3,80,741,69,24093,3092,2,1,2,8,Y,No,12,3,3,1,15,2,2,7,6,4,4
209,38,Male,No,Non-Travel,Marketing,Marketing Specialist,Other,Married,11,2,1,2,80,415,32,9148,4188,2,1,4,7,Y,No,18,3,4,1,17,2,2,3,0,0,1
911,30,Female,No,Travel_Rarely,Engineering,Qa Engineer,Software Engineering,Single,18,2,1,3,80,434,73,26566,20999,3,5,4,5,Y,No,23,3,2,0,10,1,2,7,7,6,7
2,30,Male,No,Travel_Rarely,Customer Support,Customer Support Specialist,Business Administration,Divorced,29,3,1,2,80,618,35,24638,3051,1,1,3,3,Y,No,18,3,2,1,8,2,2,6,4,6,5
270,22,Male,Yes,Travel_Rarely,Sales,Sales Executive,Other,Single,16,3,1,2,80,502,53,4576,1331,2,1,2,9,Y,Yes,20,3,2,3,0,2,2,0,0,0,0
266,31,Female,Yes,Travel_Rarely,Engineering,Devops Engineer,Other,Single,12,4,1,4,80,1150,84,13332,22282,2,5,2,4,Y,No,23,3,4,0,7,2,2,2,2,0,2
915,30,Female,No,Travel_Rarely,Data & Analytics,Data Engineer,Data Science,Married,3,4,1,3,80,1020,59,3858,4779,3,3,4,7,Y,No,17,3,3,0,12,2,2,8,8,0,4
231,38,Male,No,Travel_Rarely,Engineering,Senior Software Engineer,Other,Married,19,2,1,1,80,382,68,12423,5679,2,2,3,8,Y,No,12,3,1,2,19,4,2,18,4,18,8
1467,29,Female,Yes,Non-Travel,Sales,Sales Manager,Computer Science,Single,4,4,1,3,80,1178,34,6338,8112,1,2,4,9,Y,Yes,11,3,1,0,8,2,3,3,2,1,2
1120,34,Male,Yes,Travel_Frequently,Engineering,Senior Software Engineer,Electrical Engineering,Divorced,28,3,1,1,80,100,46,7480,4709,1,2,3,5,Y,No,18,3,1,1,16,2,3,1,1,1,1
1452,43,Female,No,Travel_Rarely,Sales,Sales Manager,Marketing,Single,22,2,1,1,80,522,99,26375,3197,4,1,1,1,Y,No,18,3,4,1,22,1,3,22,6,15,3
865,32,Female,Yes,Travel_Rarely,Data & Analytics,Data Engineer,Computer Science,Married,1,4,1,3,80,973,89,17499,25000,3,5,3,8,Y,No,13,3,1,1,13,3,3,5,1,2,4
1067,30,Male,No,Non-Travel,Data & Analytics,Data Engineer,Data Science,Married,19,4,1,2,80,501,41,15680,17097,4,5,1,2,Y,No,25,3,1,1,14,1,3,10,1,2,3
874,28,Male,Yes,Non-Travel,Engineering,Engineering Manager,Information Technology,Divorced,18,3,1,4,80,1444,62,24568,4417,2,1,3,4,Y,Yes,16,3,1,0,8,4,3,6,3,3,6
1324,34,Female,No,Travel_Frequently,Data & Analytics,Data Analyst,Computer Science,Married,10,3,1,2,80,621,82,26873,3193,3,1,4,6,Y,No,21,4,1,2,15,2,4,11,11,10,3
399,30,Male,Yes,Travel_Rarely,Product,Product Analyst,Business Administration,Single,28,4,1,1,80,907,55,10389,12934,4,3,1,0,Y,No,23,3,1,2,11,2,2,9,4,6,7
1349,27,Female,Yes,Non-Travel,Data & Analytics,Data Scientist,Data Science,Single,4,3,1,1,80,592,88,8256,5954,1,2,4,9,Y,Yes,19,4,4,0,9,3,2,0,0,0,0
46,48,Male,No,Travel_Rarely,Customer Support,Technical Support Engineer,Computer Science,Married,13,3,1,2,80,579,78,12067,9818,1,3,4,3,Y,Yes,17,3,1,1,31,3,3,18,9,13,17
162,33,Male,No,Travel_Rarely,Engineering,Qa Engineer,Other,Divorced,27,3,1,3,80,622,52,21766,5728,4,2,1,3,Y,Yes,24,3,1,1,11,2,2,0,0,0,0
992,35,Female,No,Travel_Frequently,Engineering,Qa Engineer,Software Engineering,Married,19,3,1,3,80,885,69,25946,21800,3,5,3,3,Y,No,14,4,1,0,15,2,3,3,2,3,1
728,39,Male,No,Travel_Rarely,Engineering,Senior Software Engineer,Electrical Engineering,Single,12,1,1,4,80,537,80,26530,5289,4,2,3,8,Y,No,11,3,4,0,17,2,3,15,5,0,1
630,44,Female,No,Travel_Rarely,Engineering,Qa Engineer,Computer Science,Divorced,4,2,1,1,80,1260,99,15497,3104,3,1,3,4,Y,No,16,3,2,1,20,2,3,13,0,11,0
289,33,Female,No,Travel_Rarely,Engineering,Senior Software Engineer,Electrical Engineering,Divorced,21,3,1,2,80,802,73,21072,2662,3,1,1,9,Y,No,20,4,3,1,13,2,3,7,7,4,3
1060,20,Male,Yes,Travel_Rarely,Engineering,Qa Engineer,Software Engineering,Single,9,3,1,4,80,547,31,9229,3807,4,1,4,1,Y,No,19,3,3,1,0,2,2,0,0,0,0
1441,29,Female,No,Travel_Frequently,Data & Analytics,Data Analyst,Statistics,Married,5,2,1,2,80,1081,90,2549,5124,2,2,2,8,Y,No,20,3,4,1,8,0,3,8,6,6,8
576,37,Male,No,Travel_Rarely,Product,Product Manager,Business Administration,Single,14,3,1,2,80,1030,38,10528,2909,4,1,1,8,Y,No,22,3,4,2,14,3,2,5,3,4,2
851,33,Male,No,Travel_Rarely,It Operations,System Administrator,Other,Married,23,3,1,1,80,1293,35,25735,8366,1,3,4,2,Y,No,17,3,4,1,14,2,3,14,14,9,9
912,26,Male,No,Travel_Rarely,Human Resources,Hr Manager,Business Administration,Married,27,4,1,4,80,1371,69,21191,3776,3,1,4,9,Y,No,19,3,1,3,6,2,3,1,1,1,1
1255,35,Male,No,Travel_Frequently,Product,Product Manager,Computer Science,Single,18,3,1,3,80,256,66,8532,5794.5,3,2,4,1,Y,No,12,3,3,1,18,2,3,14,1,8,7
1432,48,Female,No,Non-Travel,It Operations,It Support Engineer,Other,Married,24,3,1,4,80,592,32,18004,25000,3,5,3,3,Y,No,16,3,2,0,28,5,3,18,16,9,0
933,36,Female,No,Travel_Rarely,Engineering,Devops Engineer,Other,Single,21,3,1,2,80,1498,42,3399,1448,2,1,2,1,Y,No,24,3,2,1,12,2,2,5,1,3,0
1101,47,Male,No,Travel_Rarely,Engineering,Qa Engineer,Computer Science,Married,13,3,1,1,80,1148,64,20161,3032,2,1,4,6,Y,Yes,22,3,2,1,27,2,3,0,0,0,0
1208,20,Male,No,Travel_Rarely,Customer Support,Support Team Lead,Information Technology,Single,9,3,1,4,80,155,31,15118,7898,1,2,1,7,Y,Yes,12,3,3,1,4,2,2,1,1,1,1
248,36,Male,No,Travel_Rarely,Marketing,Digital Marketing Manager,Marketing,Single,4,3,1,1,80,467,37,14827,2850,3,1,1,8,Y,No,21,3,2,2,13,2,3,13,5,2,0
477,20,Male,No,Travel_Rarely,Sales,Account Manager,Marketing,Married,12,2,1,2,80,720,65,3367,10212,1,3,3,7,Y,No,14,3,1,0,0,3,4,0,0,0,0
86,38,Female,No,Travel_Frequently,Human Resources,Hr Manager,Business Administration,Divorced,14,3,1,2,80,347,39,4080,3896,1,1,3,5,Y,Yes,23,4,4,3,16,5,1,3,0,3,0
470,27,Female,No,Travel_Rarely,Human Resources,Hr Manager,Human Resources,Single,9,4,1,4,80,1089,45,26641,12433,2,4,2,4,Y,No,12,3,1,2,6,4,3,5,4,5,4
226,28,Male,No,Travel_Rarely,Data And Analytics,Data Analyst,Statistics,Divorced,9,1,1,4,80,407,53,18484,6932,3,2,3,1,Y,No,18,4,1,0,9,4,1,7,7,4,7
775,28,Male,No,Travel_Rarely,Data & Analytics,Data Scientist,Data Science,Married,6,4,1,1,80,928,64,22706,2918,1,2,3,1,Y,Yes,16,3,2,0,8,3,2,5,0,1,5
332,35,Female,No,Travel_Rarely,Engineering,Qa Engineer,Software Engineering,Divorced,16,3,1,3,80,257,77,9093,19455,3,5,3,4,Y,Yes,11,4,2,1,18,5,2,9,5,9,3
234,33,Male,No,Travel_Rarely,Engineering,Software Engineer,Other,Single,11,3,1,0,80,583,39,19343,22605,4,5,1,9,Y,No,16,3,2,0,10,3,3,4,2,4,1
589,52,Female,No,Travel_Rarely,Marketing,Marketing Specialist,Marketing,Single,1,4,1,3,80,250,55,7632,4699,1,1,2,2,Y,No,12,3,3,0,34,2,3,13,1,8,12
476,24,Male,No,Travel_Frequently,Product,Product Analyst,Information Technology,Married,18,2,1,2,80,1399,72,19265,3101,2,1,1,6,Y,No,24,3,1,0,2,1,3,0,0,0,0
1285,40,Male,No,Travel_Rarely,Sales,Sales Executive,Other,Divorced,26,4,1,3,80,1467,79,6274,12909,2,3,3,6,Y,No,11,3,4,0,20,0,3,16,7,0,1
600,49,Male,No,Non-Travel,Engineering,Qa Engineer,Information Technology,Divorced,15,3,1,2,80,218,56,8644,6999,3,3,4,7,Y,No,22,3,2,0,30,3,3,3,3,1,2
422,24,Male,Yes,Travel_Rarely,Data & Analytics,Data Engineer,Statistics,Single,12,4,1,3,80,1421,60,16242,4794,4,2,1,9,Y,Yes,18,3,2,1,6,3,4,5,1,1,4
183,37,Male,No,Travel_Rarely,Engineering,Devops Engineer,Computer Science,Single,14,3,1,3,80,108,58,3335,10898,2,3,1,4,Y,No,24,3,1,0,14,4,3,7,4,2,3
989,42,Male,No,Travel_Frequently,Engineering,Senior Software Engineer,Software Engineering,Single,24,4,1,2,80,1071,36,2391,8483,4,3,3,2,Y,Yes,15,3,2,1,22,2,3,0,0,0,0
1001,38,Male,No,Travel_Rarely,Engineering,Senior Software Engineer,Software Engineering,Married,9,4,1,3,80,1337,76,8079,4832,3,2,3,1,Y,No,21,3,4,0,15,2,3,7,7,2,7
50,34,Male,No,Travel_Rarely,Human Resources,Hr Manager,Other,Single,15,4,1,3,80,513,78,15804,15582,1,4,4,4,Y,No,22,4,1,1,17,6,2,14,8,2,2
1384,37,Male,Yes,Non-Travel,Engineering,Engineering Manager,Electrical Engineering,Married,15,3,1,1,80,1096,44,2813,4390,1,1,2,6,Y,No,16,3,2,1,15,2,3,3,3,0,3
1030,46,Male,No,Travel_Rarely,Data & Analytics,Data Scientist,Data Science,Married,5,3,1,1,80,249,36,18188,12754,4,3,1,1,Y,No,14,3,1,3,24,2,3,16,16,1,15
530,33,Female,Yes,Travel_Rarely,Marketing,Marketing Specialist,Marketing,Married,23,2,1,1,80,781,65,24717,3381,1,1,3,3,Y,No,11,3,2,1,15,1,3,14,11,8,3
1259,31,Male,No,Travel_Frequently,Product,Product Manager,Business Administration,Single,20,4,1,2,80,1266,69,19632,9471,1,3,1,8,Y,No,12,3,4,1,8,2,3,3,0,1,3
487,35,Female,No,Travel_Rarely,Product,Product Analyst,Information Technology,Married,10,3,1,1,80,541,90,12616,4263,1,2,3,4,Y,No,12,3,4,1,16,2,3,6,0,0,6
498,22,Male,No,Travel_Rarely,Sales,Account Manager,Computer Science,Single,21,3,1,4,80,1261,93,12011,5050,4,2,3,0,Y,Yes,25,3,2,0,4,1,3,3,0,0,1
107,31,Female,No,Travel_Frequently,It Operations,It Support Engineer,Computer Science,Married,28,3,1,1,80,377,82,4457,4204,4,2,4,8,Y,No,22,3,3,1,11,3,2,11,6,1,0
444,20,Female,Yes,Non-Travel,Engineering,Software Engineer,Information Technology,Married,22,2,1,1,80,1442,39,2905,11013,4,3,4,6,Y,No,16,4,2,1,2,2,3,1,0,1,0
647,33,Female,No,Travel_Rarely,Product,Ux Designer,Computer Science,Married,13,4,1,3,80,163,64,4800,4042,4,1,1,5,Y,No,16,3,4,0,10,3,3,1,1,1,1
1037,46,Female,Yes,Travel_Rarely,Engineering,Unknown,Electrical Engineering,Unknown,29,3,1,3,80,756,79,21218,3815,4,1,1,2,Y,No,25,4,2,0,26,2,4,26,18,5,2
727,23,Male,Yes,Travel_Rarely,It Operations,It Support Engineer,Other,Divorced,1,2,1,4,80,1469,65,10944,3949,1,1,1,7,Y,No,16,3,1,0,4,3,4,1,1,0,0
191,43,Female,Yes,Travel_Rarely,Customer Support,Technical Support Engineer,Unknown,Single,1,1,1,3,80,793,92,16568,21566,3,5,1,9,Y,No,12,3,1,3,27,4,3,19,1,5,0
283,31,Female,Yes,Non-Travel,Sales,Sales Executive,Unknown,Divorced,12,1,1,3,80,252,71,9915,3826,2,1,1,9,Y,No,24,3,3,2,11,3,2,1,0,1,0
30,32,Male,Yes,Travel_Rarely,Engineering,Qa Engineer,Other,Single,19,2,1,3,80,847,39,9409,3204,4,1,3,9,Y,Yes,12,4,3,2,13,2,3,10,4,8,5
170,36,Male,Yes,Travel_Rarely,Data & Analytics,Data Analyst,Statistics,Single,20,3,1,1,80,122,62,19656,5162,1,2,2,4,Y,No,23,3,1,1,14,2,3,3,1,3,0
1002,42,Female,No,Travel_Rarely,It Operations,It Support Engineer,Information Technology,Married,22,3,1,2,80,1446,47,14420,9706,1,3,1,9,Y,No,15,4,1,0,21,4,3,18,0,3,15
1205,34,Female,Yes,Travel_Rarely,Sales,Account Manager,Other,Single,8,3,1,3,80,218,66,23030,10109,1,3,1,3,Y,Yes,17,3,1,1,14,1,4,11,5,10,1
101,35,Male,Yes,Travel_Rarely,Engineering,Qa Engineer,Information Technology,Married,21,4,1,4,80,1068,36,19594,2691,1,1,1,3,Y,No,18,3,2,1,14,3,4,6,0,1,6
198,31,Male,No,Travel_Frequently,Data & Analytics,Data Engineer,Computer Science,Married,1,5,1,1,80,226,83,14347,10997,4,4,3,4,Y,Unknown,17,3,4,1,11,2,2,3,0,1,3
496,27,Male,No,Travel_Rarely,It Operations,It Support Engineer,Other,Married,3,3,1,4,80,802,77,13706,4474,2,1,2,7,Y,No,12,4,4,1,5,2,4,1,0,1,0
648,29,Male,No,Travel_Rarely,Marketing,Content Strategist,Other,Single,18,4,1,4,80,1011,55,6779,22982,3,5,4,8,Y,No,20,4,1,0,9,2,3,4,2,4,4
988,20,Male,No,Travel_Frequently,Human Resources,Hr Executive,Business Administration,Married,22,3,1,3,80,1391,46,21828,10653,2,3,2,4,Y,Yes,13,3,4,3,0,3,2,0,0,0,0
45,33,Male,No,Non-Travel,Engineering,Senior Software Engineer,Information Technology,Married,18,4,1,1,80,1430,66,17347,6443,3,2,4,6,Y,No,16,3,4,1,14,4,1,10,5,3,7
711,26,Female,No,Travel_Rarely,Sales,Sales Executive,Business Administration,Married,14,2,1,3,80,887,39,10092,16338,2,5,2,5,Y,No,14,3,1,0,3,3,3,3,3,0,3
374,27,Male,Yes,Non-Travel,Customer Support,Support Team Lead,Computer Science,Married,9,1,1,2,80,436,47,17026,3775,2,1,2,3,Y,No,25,4,3,3,4,2,3,4,2,2,3
679,21,Male,Yes,Travel_Frequently,Engineering,Qa Engineer,Software Engineering,Married,22,3,1,1,80,371,87,21402,10941,1,3,1,5,Y,No,14,4,1,0,4,2,2,2,1,2,0
567,20,Male,No,Travel_Rarely,Engineering,Senior Software Engineer,Electrical Engineering,Single,12,3,1,4,80,118,80,10750,13579,4,3,1,7,Y,Yes,18,4,1,1,2,2,3,0,0,0,0
848,44,Female,No,Travel_Rarely,It Operations,It Support Engineer,Computer Science,Single,5,2,1,1,80,172,60,21576,3465,4,1,1,8,Y,No,16,3,3,0,22,2,2,15,15,1,10
461,36,Female,No,Travel_Rarely,Data & Analytics,Data Scientist,Data Science,Divorced,24,4,1,2,80,466,91,22279,3095,1,1,2,3,Y,Unknown,20,3,4,0,13,2,3,0,0,0,0
1156,36,Female,No,Travel_Rarely,Data & Analytics,Data Analyst,Data Science,Divorced,13,4,1,1,80,384,31,21268,11025,2,3,4,5,Y,No,11,3,1,1,15,2,3,6,4,3,6
40,39,Female,No,Travel_Rarely,Product,Product Analyst,Information Technology,Divorced,29,2,1,2,80,179,62,6644,3143,1,1,2,2,Y,Yes,17,3,1,1,18,1,3,16,5,4,8
435,30,Female,No,Travel_Rarely,Marketing,Digital Marketing Manager,Marketing,Married,20,4,1,3,80,1407,87,24441,3042,2,1,3,0,Y,No,19,3,2,0,9,3,2,0,0,0,0
974,37,Male,Yes,Non-Travel,Marketing,Marketing Specialist,Business Administration,Married,20,1,1,1,80,112,75,7863,11420,4,4,1,3,Y,No,12,3,3,0,19,4,2,18,4,18,12
1240,26,Male,No,Travel_Rarely,Engineering,Engineering Manager,Electrical Engineering,Married,6,4,1,1,80,332,54,13008,17242,3,5,4,1,Y,No,22,3,1,0,2,5,2,1,0,0,0
1008,38,Female,No,Travel_Rarely,Product,Product Analyst,Information Technology,Married,1,3,1,1,80,1005,59,22916,5192,3,2,3,2,Y,No,12,4,1,0,19,0,3,10,0,7,4
457,29,Male,No,Travel_Rarely,Marketing,Content Strategist,Other,Single,18,3,1,2,80,1044,75,16407,9818,2,3,2,9,Y,No,19,3,3,3,13,1,3,2,1,2,2
261,24,Male,No,Travel_Rarely,Customer Support,Support Team Lead,Information Technology,Married,14,1,1,4,80,1121,87,6232,7793,1,2,4,5,Y,No,20,3,3,0,1,2,2,0,0,0,0
36,47,Male,Yes,Travel_Rarely,Marketing,Marketing Specialist,Business Administration,Single,20,3,1,4,80,1212,65,19327,10442,4,3,1,1,Y,No,12,3,3,0,23,4,3,14,3,1,11
828,36,Male,Yes,Travel_Rarely,Customer Support,Customer Support Specialist,Information Technology,Married,23,2,1,3,80,879,98,17766,11126,4,5,2,7,Y,No,25,3,3,3,14,4,2,2,1,1,2
310,34,Male,No,Travel_Frequently,Marketing,Marketing Specialist,Marketing,Married,28,4,1,4,80,793,59,10185,21425,4,5,2,9,Y,No,18,3,1,1,12,1,3,5,1,0,5
277,41,Male,No,Travel_Rarely,Product,Product Analyst,Other,Single,21,3,1,1,80,1370,96,23410,21989,4,4,2,5,Y,Yes,25,3,4,0,24,5,3,6,2,2,6
637,40,Male,No,Travel_Rarely,Engineering,Engineering Manager,Electrical Engineering,Divorced,29,4,1,3,80,762,33,14517,2776,4,3,1,2,Y,No,24,3,2,1,23,3,4,20,5,9,13
655,35,Male,No,Travel_Rarely,Product,Product Manager,Other,Married,4,2,1,1,80,935,32,17342,9651,1,3,1,4,Y,No,25,3,2,1,17,4,3,11,8,3,5
623,32,Female,Yes,Travel_Rarely,Sales,Sales Manager,Computer Science,Divorced,25,3,1,1,80,1348,62,15714,13422,3,4,4,4,Y,No,17,3,2,3,11,1,2,6,6,1,2
845,27,Male,No,Travel_Rarely,Sales,Sales Manager,Computer Science,Married,18,3,1,1,80,497,38,21434,7494,4,2,3,7,Y,No,19,3,1,0,8,3,3,0,0,0,0
394,36,Male,No,Travel_Rarely,Sales,Account Manager,Other,Divorced,19,3,1,2,80,1415,65,11216,3080,4,1,3,5,Y,Yes,17,4,2,2,19,1,3,7,2,5,3
108,29,Male,No,Travel_Frequently,Sales,Account Manager,Marketing,Married,6,4,1,2,80,773,88,10445,6247,2,2,4,0,Y,No,19,3,3,1,9,3,3,3,3,1,0
350,20,Male,No,Travel_Frequently,Sales,Sales Manager,Other,Single,11,1,1,2,80,782,52,12478,15352,2,4,2,3,Y,No,25,3,3,0,0,4,3,0,0,0,0
525,33,Female,No,Travel_Frequently,Sales,Sales Manager,Computer Science,Married,8,3,1,3,80,984,56,11408,19695,3,5,3,4,Y,No,13,3,2,1,14,1,3,9,4,3,2
785,28,Male,No,Travel_Rarely,Engineering,Software Engineer,Electrical Engineering,Divorced,16,4,1,0,80,632,47,18967,3535,3,1,3,9,Y,No,18,3,4,0,8,2,3,5,2,3,1
48,40,Male,No,Travel_Rarely,Data & Analytics,Data Engineer,Information Technology,Single,8,3,1,1,80,1393,52,25861,13416,3,4,4,8,Y,Yes,23,4,4,1,19,2,3,8,5,7,3
204,20,Male,Yes,Travel_Rarely,Customer Support,Customer Support Specialist,Computer Science,Married,8,4,1,3,80,726,73,5790,9677,3,3,4,1,Y,Yes,15,3,1,1,0,1,3,0,0,0,0
22,27,Male,No,Travel_Rarely,Product,Product Analyst,Business Administration,Married,13,3,1,3,80,415,36,5698,5195,3,1,3,2,Y,No,19,3,3,0,10,4,3,0,0,0,0
403,41,Male,No,Travel_Rarely,Customer Support,Customer Support Specialist,Other,Married,21,3,1,1,80,625,77,9577,5538,2,2,4,1,Y,Yes,17,3,4,1,24,4,3,15,6,1,14
1108,37,Female,No,Travel_Rarely,Human Resources,Talent Acquisition Specialist,Other,Divorced,13,1,1,1,80,316,65,3869,15582,3,4,1,6,Y,No,11,3,2,0,19,3,1,8,6,4,7
1155,41,Male,No,Travel_Frequently,Marketing,Marketing Specialist,Other,Married,3,2,1,2,80,727,91,3317,3182,3,1,4,4,Y,No,12,3,2,2,21,2,4,11,3,4,5
990,33,Male,Yes,Non-Travel,Sales,Sales Manager,Other,Married,28,3,1,1,80,1465,79,6775,5284,2,2,3,4,Y,Yes,22,3,1,0,13,2,3,11,3,5,7
742,42,Male,Yes,Travel_Rarely,Customer Support,Customer Support Specialist,Computer Science,Single,7,1,1,3,80,1378,61,12973,3390,3,1,2,1,Y,Yes,20,3,2,2,22,2,3,19,19,5,6
1311,20,Male,Yes,Travel_Rarely,Engineering,Qa Engineer,Other,Married,29,4,1,2,80,413,82,26130,3504,1,2,2,7,Y,No,14,3,1,2,0,3,3,0,0,0,0
1148,30,Male,No,Travel_Frequently,Customer Support,Technical Support Engineer,Business Administration,Married,28,3,1,3,80,817,38,21431,3149,2,1,4,9,Y,Yes,23,3,3,2,7,3,4,5,5,1,4
34,22,Male,Yes,Travel_Rarely,Engineering,Qa Engineer,Computer Science,Divorced,26,2,1,1,80,945,33,19788,9638,1,3,1,4,Y,Yes,15,4,4,0,2,3,1,2,1,0,1
788,29,Female,No,Travel_Rarely,Engineering,Devops Engineer,Computer Science,Married,22,3,1,2,80,711,73,7804,11381,3,4,4,7,Y,No,25,3,4,1,10,2,3,8,7,4,8
924,39,Male,No,Travel_Rarely,Customer Support,Technical Support Engineer,Other,Married,16,4,1,3,80,1229,53,10396,12511,2,3,2,4,Y,No,20,3,4,1,21,1,2,15,2,13,3
1044,35,Female,Yes,Travel_Rarely,Engineering,Devops Engineer,Software Engineering,Married,11,1,1,3,80,866,58,22364,14386,2,4,2,2,Y,No,19,3,3,1,15,2,1,0,0,0,0
1424,37,Male,No,Travel_Rarely,Human Resources,Hr Executive,Business Administration,Married,28,1,1,3,80,1194,77,4889,9842,2,3,1,8,Y,No,23,3,1,0,16,4,3,7,6,6,2
1244,48,Female,No,Travel_Rarely,Engineering,Senior Software Engineer,Electrical Engineering,Married,15,3,1,1,80,298,98,17612,3527,1,1,2,2,Y,Yes,16,3,3,0,26,2,3,21,10,0,9
580,37,Female,No,Travel_Rarely,Marketing,Marketing Specialist,Unknown,Married,14,2,1,4,80,793,58,22869,22631,3,5,3,8,Y,No,25,3,3,1,19,2,3,7,6,4,7
482,34,Female,No,Travel_Frequently,Product,Product Manager,Business Administration,Married,10,5,1,3,80,1366,97,7454,19046,3,5,1,9,Y,No,15,3,3,1,13,2,4,7,1,3,2
932,33,Female,No,Travel_Rarely,Engineering,Engineering Manager,Software Engineering,Divorced,1,1,1,2,80,1481,66,12222,1631,3,1,2,3,Y,No,22,3,4,1,13,2,2,1,1,0,1
357,30,Male,No,Travel_Rarely,Sales,Sales Manager,Computer Science,Married,7,3,1,3,80,432,57,16559,2034,4,1,3,9,Y,No,16,3,4,3,6,2,2,5,5,0,4
1249,45,Female,No,Travel_Frequently,Engineering,Qa Engineer,Software Engineering,Single,23,1,1,2,80,220,60,21547,3665,4,1,4,4,Y,Yes,15,3,1,1,24,5,3,24,8,16,10
760,22,Male,No,Travel_Rarely,Customer Support,Support Team Lead,Other,Divorced,27,4,1,4,80,1346,52,11562,21487,2,5,4,9,Y,Yes,21,3,4,1,5,6,1,4,0,3,0
93,25,Male,Yes,Travel_Rarely,Customer Support,Customer Support Specialist,Other,Divorced,24,3,1,3,80,949,40,7657,3544,4,1,2,2,Y,Yes,21,3,2,1,2,3,2,2,2,1,0
1176,27,Male,No,Travel_Rarely,Engineering,Unknown,Software Engineering,Married,6,4,1,3,80,276,32,12258,6542,2,2,4,5,Y,No,25,4,1,0,4,0,3,1,0,1,1
1416,32,Male,Yes,Travel_Rarely,Data & Analytics,Data Analyst,Information Technology,Divorced,18,1,1,1,80,963,63,3964,3216,4,1,1,9,Y,Yes,18,3,2,1,12,1,2,9,8,1,5
1342,33,Male,No,Travel_Rarely,Engineering,Engineering Manager,Electrical Engineering,Single,28,3,1,4,80,221,77,14405,20919,4,5,4,0,Y,No,14,3,3,3,15,3,2,1,1,1,1
804,31,Male,No,Travel_Rarely,Sales,Sales Manager,Marketing,Married,21,2,1,4,80,723,31,3064,7201,4,2,1,2,Y,No,13,3,1,2,10,2,3,3,0,2,0
746,26,Female,Yes,Travel_Rarely,Product,Ux Designer,Computer Science,Single,28,4,1,1,80,381,64,17098,9433,1,3,1,1,Y,No,19,3,1,1,9,2,4,0,0,0,0
280,38,Female,Yes,Non-Travel,Data & Analytics,Bi Analyst,Computer Science,Single,19,3,1,3,80,280,96,12800,5519,2,2,1,1,Y,Yes,24,3,1,1,20,4,3,17,8,10,6
765,34,Male,No,Travel_Frequently,Sales,Sales Manager,Marketing,Single,17,1,1,3,80,355,81,14310,3823,2,1,4,3,Y,Yes,13,3,2,1,18,2,3,1,0,0,0
605,29,Male,No,Travel_Rarely,Customer Support,Technical Support Engineer,Business Administration,Divorced,9,3,1,2,80,127,76,18389,4808,3,1,2,3,Y,No,12,3,4,1,8,2,3,4,4,1,2
1465,44,Female,No,Travel_Rarely,Engineering,Software Engineer,Software Engineering,Married,7,4,1,3,80,108,37,5008,15979,1,4,4,9,Y,No,21,4,4,1,23,2,4,7,0,1,5
1374,35,Male,No,Travel_Rarely,Human Resources,Talent Acquisition Specialist,Business Administration,Married,6,3,1,4,80,1444,88,14371,24785,2,5,3,7,Y,No,12,3,2,0,13,3,2,10,2,10,6
1399,32,Male,No,Travel_Rarely,Engineering,Senior Software Engineer,Electrical Engineering,Divorced,7,4,1,2,80,682,30,12495,10395,3,3,1,1,Y,No,18,3,2,2,12,2,3,7,2,2,3
401,20,Female,No,Travel_Rarely,Sales,Sales Executive,Computer Science,Married,29,3,1,2,80,762,97,10718,17491,2,4,2,8,Y,No,21,3,1,1,0,2,2,0,0,0,0
258,32,Male,Yes,Travel_Rarely,Customer Support,Support Team Lead,Other,Single,8,1,1,4,80,142,50,16253,6282,3,1,3,9,Y,Yes,20,3,2,1,10,1,3,7,4,3,4
945,45,Female,Yes,Travel_Rarely,Customer Support,Support Team Lead,Computer Science,Single,23,5,1,4,80,1496,88,2871,3967,2,2,4,2,Y,Yes,14,3,2,0,25,2,3,23,10,12,20
1097,34,Male,No,Travel_Rarely,Engineering,Engineering Manager,Electrical Engineering,Married,13,3,1,3,80,585,68,22829,4924,4,2,4,9,Y,No,14,3,1,0,15,1,3,10,1,10,5
1220,42,Male,No,Travel_Rarely,Engineering,Engineering Manager,Electrical Engineering,Married,8,4,1,2,80,756,73,11735,3511,3,1,3,0,Y,No,18,3,3,1,19,2,3,18,11,10,13
1162,29,Female,No,Non-Travel,Data & Analytics,Bi Analyst,Information Technology,Divorced,18,4,1,3,80,361,30,9058,3221,1,3,2,8,Y,No,22,3,2,1,7,2,1,3,1,2,3
495,26,Male,No,Travel_Rarely,Data & Analytics,Data Scientist,Information Technology,Single,11,2,1,2,80,477,80,3368,14335,3,3,1,8,Y,No,19,4,2,0,5,3,2,4,0,3,1
773,22,Male,No,Travel_Rarely,Engineering,Unknown,Computer Science,Single,21,3,1,2,80,149,32,12128,2671,3,1,2,1,Y,No,19,3,2,2,0,2,3,0,0,0,0
551,35,Female,Yes,Travel_Frequently,Marketing,Marketing Specialist,Other,Single,9,2,1,2,80,506,38,7865,12425,3,3,1,6,Y,No,19,4,2,0,15,3,3,3,1,0,1
202,41,Male,No,Travel_Rarely,Engineering,Qa Engineer,Information Technology,Married,23,4,1,4,80,1377,35,12633,3463,1,1,4,5,Y,No,20,4,2,0,21,2,3,16,16,11,11
313,22,Male,No,Non-Travel,Sales,Sales Manager,Computer Science,Married,24,2,1,2,80,635,60,16655,5520,3,2,4,7,Y,Yes,21,3,2,3,2,4,1,2,2,0,1
291,41,Male,No,Travel_Rarely,Engineering,Senior Software Engineer,Computer Science,Single,8,4,1,2,80,256,42,6142,3529,2,1,1,4,Y,Yes,25,3,4,0,19,4,2,6,0,3,5
1214,40,Female,Yes,Travel_Rarely,Data & Analytics,Bi Analyst,Statistics,Divorced,25,4,1,4,80,1175,75,10842,18309,3,4,1,3,Y,Yes,13,3,3,1,20,3,3,6,0,6,4
764,26,Female,No,Travel_Rarely,Human Resources,Talent Acquisition Specialist,Business Administration,Single,18,4,1,4,80,555,75,16691,5115,3,1,1,0,Y,No,24,3,4,0,8,3,1,8,2,0,2
1137,36,Male,No,Non-Travel,Data & Analytics,Data Scientist,Data Science,Single,20,2,1,1,80,467,38,19549,3737,2,1,3,4,Y,Unknown,12,3,4,1,20,2,2,6,5,1,3
950,41,Male,Yes,Travel_Frequently,Engineering,Devops Engineer,Software Engineering,Single,10,4,1,2,80,748,36,16641,7942,3,3,1,2,Y,Yes,18,3,4,2,21,2,3,0,0,0,0
184,45,Male,Yes,Travel_Rarely,Data & Analytics,Bi Analyst,Computer Science,Married,18,4,1,4,80,1015,77,25341,25000,1,5,4,3,Y,Yes,24,3,3,2,25,4,3,18,14,2,10
1177,35,Female,Yes,Travel_Rarely,Sales,Sales Executive,Business Administration,Single,15,4,1,4,80,1022,76,10598,2400,3,1,4,3,Y,No,16,3,2,3,14,1,3,14,1,12,3
1350,36,Female,No,Travel_Rarely,Engineering,Senior Software Engineer,Other,Married,20,4,1,1,80,431,34,12042,3544,4,1,1,2,Y,No,17,3,2,0,17,4,4,15,2,14,12
1069,35,Female,Yes,Travel_Rarely,Sales,Sales Manager,Business Administration,Single,4,4,1,1,80,756,55,25362,3204,1,1,2,8,Y,Yes,25,3,1,0,17,4,3,4,0,2,2
1031,32,Female,No,Travel_Rarely,Engineering,Engineering Manager,Electrical Engineering,Divorced,10,2,1,1,80,1059,98,20432,3843,1,1,4,9,Y,No,16,3,2,2,9,3,4,2,0,1,0
251,37,Female,Yes,Travel_Rarely,Marketing,Content Strategist,Marketing,Married,24,4,1,1,80,188,97,22845,4673,2,1,4,3,Y,No,22,3,4,0,15,3,3,0,0,0,0
824,36,Male,Yes,Travel_Rarely,Data & Analytics,Data Scientist,Computer Science,Married,22,2,1,1,80,697,31,26024,4073,4,1,4,4,Y,Yes,18,3,3,1,16,2,3,0,0,0,0
1100,50,Female,No,Travel_Rarely,Engineering,Qa Engineer,Computer Science,Married,19,3,1,2,80,883,67,10107,6137,1,2,2,2,Y,Yes,19,3,3,1,33,2,0,32,32,5,13
941,42,Female,Yes,Travel_Rarely,It Operations,It Support Engineer,Information Technology,Married,15,4,1,1,80,458,58,7129,9400,3,3,4,1,Y,Yes,18,3,1,1,21,4,3,14,5,4,12
392,34,Male,Yes,Travel_Rarely,Product,Ux Designer,Other,Single,6,3,1,3,80,764,58,23688,6304,1,3,2,2,Y,No,20,3,3,1,16,5,3,4,3,2,4
1457,40,Male,No,Travel_Rarely,Engineering,Devops Engineer,Electrical Engineering,Divorced,19,3,1,1,80,1347,67,11798,11484,4,3,3,1,Y,No,25,3,3,3,21,4,3,12,3,8,7
1093,30,Male,No,Travel_Rarely,Engineering,Software Engineer,Other,Single,26,4,1,3,80,617,60,15556,4231,4,1,3,0,Y,Yes,13,3,4,1,12,1,2,7,4,2,4
1192,20,Male,Yes,Travel_Frequently,Customer Support,Technical Support Engineer,Computer Science,Single,5,4,1,2,80,1047,81,3116,4223,2,1,2,1,Y,Yes,14,3,4,1,1,3,3,0,0,0,0
905,39,Male,No,Travel_Rarely,Sales,Sales Manager,Computer Science,Single,9,1,1,4,80,423,54,12512,2316,4,1,1,1,Y,No,18,4,2,1,19,3,3,8,7,1,2
731,24,Male,No,Travel_Rarely,Product,Ux Designer,Other,Married,21,4,1,2,80,1057,85,14269,3544,4,1,3,8,Y,No,11,3,2,3,3,2,2,1,1,1,0
555,41,Male,No,Travel_Frequently,Engineering,Qa Engineer,Electrical Engineering,Married,16,4,1,3,80,494,39,22711,9062,3,3,4,4,Y,Yes,22,3,4,0,22,3,3,6,6,5,4
367,39,Female,No,Travel_Frequently,Human Resources,Hr Executive,Business Administration,Single,25,4,1,0,80,977,82,9631,5623,1,2,3,5,Y,No,13,3,4,2,20,2,3,7,5,7,2
346,43,Female,No,Travel_Frequently,Human Resources,Hr Executive,Other,Divorced,1,1,1,4,80,924,77,23067,4892,1,2,4,3,Y,No,21,3,2,1,21,1,2,1,1,1,0
536,33,Female,No,Travel_Rarely,Product,Product Manager,Business Administration,Married,22,2,1,1,80,495,40,11564,1691,3,1,3,0,Y,No,19,3,3,2,15,3,3,10,3,1,6
1423,31,Female,No,Travel_Frequently,Marketing,Marketing Specialist,Marketing,Married,3,1,1,1,80,1093,96,5500,3295,4,1,3,5,Y,No,11,3,3,1,7,2,3,5,0,5,3
1210,33,Female,No,Travel_Rarely,Product,Ux Designer,Business Administration,Married,23,1,1,4,80,1255,68,9932,11390,3,3,2,2,Y,No,11,3,2,3,16,3,3,4,2,4,0
1373,41,Male,No,Travel_Rarely,Engineering,Software Engineer,Other,Single,18,2,1,4,80,843,43,19332,3621,1,1,4,5,Y,No,17,3,3,1,20,2,3,7,1,7,6
920,42,Male,No,Travel_Rarely,Engineering,Engineering Manager,Information Technology,Single,3,4,1,1,80,577,67,2566,25000,2,5,2,3,Y,No,24,3,3,1,22,3,2,21,5,13,19
212,21,Unknown,Yes,Travel_Rarely,Human Resources,Hr Manager,Human Resources,Married,26,3,1,1,80,1023,59,14692,6323,3,2,3,6,Y,No,11,3,4,1,1,2,3,1,0,1,0
503,36,Male,Yes,Travel_Rarely,Human Resources,Hr Executive,Business Administration,Married,8,3,1,2,80,170,58,20336,5341,4,2,4,0,Y,No,15,3,2,1,18,4,3,16,14,5,5
538,38,Male,Yes,Travel_Rarely,Customer Support,Support Team Lead,Other,Married,4,4,1,3,80,876,45,21133,3095,2,1,4,9,Y,No,12,3,2,1,15,2,3,10,7,2,10
1221,33,Male,No,Travel_Rarely,Engineering,Senior Software Engineer,Computer Science,Divorced,29,3,1,1,80,203,98,3693,4283,1,1,1,0,Y,No,15,3,4,1,13,4,4,11,11,0,10
176,25,Male,No,Travel_Rarely,Product,Ux Designer,Computer Science,Single,3,3,1,4,80,432,46,2185,4079,2,1,3,7,Y,No,11,3,2,1,7,2,2,7,7,4,3
